-- MySQL dump 10.13  Distrib 5.5.35, for debian-linux-gnu (x86_64)
--
-- Host: localhost    Database: current
-- ------------------------------------------------------
-- Server version	5.5.35-0ubuntu0.12.04.2

/*!40101 SET @OLD_CHARACTER_SET_CLIENT=@@CHARACTER_SET_CLIENT */;
/*!40101 SET @OLD_CHARACTER_SET_RESULTS=@@CHARACTER_SET_RESULTS */;
/*!40101 SET @OLD_COLLATION_CONNECTION=@@COLLATION_CONNECTION */;
/*!40101 SET NAMES utf8 */;
/*!40103 SET @OLD_TIME_ZONE=@@TIME_ZONE */;
/*!40103 SET TIME_ZONE='+00:00' */;
/*!40014 SET @OLD_UNIQUE_CHECKS=@@UNIQUE_CHECKS, UNIQUE_CHECKS=0 */;
/*!40014 SET @OLD_FOREIGN_KEY_CHECKS=@@FOREIGN_KEY_CHECKS, FOREIGN_KEY_CHECKS=0 */;
/*!40101 SET @OLD_SQL_MODE=@@SQL_MODE, SQL_MODE='NO_AUTO_VALUE_ON_ZERO' */;
/*!40111 SET @OLD_SQL_NOTES=@@SQL_NOTES, SQL_NOTES=0 */;

--
-- Table structure for table `FG405_dayk`
--

DROP TABLE IF EXISTS `FG405_dayk`;
/*!40101 SET @saved_cs_client     = @@character_set_client */;
/*!40101 SET character_set_client = utf8 */;
CREATE TABLE `FG405_dayk` (
  `Time` date NOT NULL,
  `Open` float NOT NULL,
  `Highest` float NOT NULL,
  `Lowest` float NOT NULL,
  `Close` float NOT NULL,
  `Avg` float NOT NULL,
  `SellVol` int(11) DEFAULT NULL,
  `BuyVol` int(11) DEFAULT NULL,
  `Tr` float DEFAULT NULL,
  `Atr` float DEFAULT NULL,
  PRIMARY KEY (`Time`)
) ENGINE=MyISAM DEFAULT CHARSET=latin1;
/*!40101 SET character_set_client = @saved_cs_client */;

--
-- Dumping data for table `FG405_dayk`
--

LOCK TABLES `FG405_dayk` WRITE;
/*!40000 ALTER TABLE `FG405_dayk` DISABLE KEYS */;
INSERT INTO `FG405_dayk` VALUES ('2013-05-16',1431,1516,1431,1504,1494,4190,2402,NULL,NULL),('2013-05-17',1505,1521,1500,1518,1513,3504,2782,NULL,NULL),('2013-05-20',1518,1525,1508,1511,1515,2342,2768,NULL,NULL),('2013-05-21',1515,1523,1503,1522,1513,2538,2960,NULL,NULL),('2013-05-22',1522,1526,1513,1518,1519,1626,2800,NULL,NULL),('2013-05-23',1513,1513,1480,1482,1495,2686,2644,NULL,NULL),('2013-05-24',1484,1496,1481,1487,1489,2370,2626,NULL,NULL),('2013-05-27',1475,1498,1473,1487,1486,1524,2706,NULL,NULL),('2013-05-28',1491,1497,1480,1497,1489,3320,2776,NULL,NULL),('2013-05-29',1496,1505,1483,1485,1494,2644,2924,NULL,NULL),('2013-05-30',1478,1478,1450,1460,1463,3646,2878,NULL,NULL),('2013-05-31',1458,1470,1445,1445,1460,2528,3044,NULL,NULL),('2013-06-03',1450,1459,1435,1454,1451,2816,3374,NULL,NULL),('2013-06-04',1458,1489,1456,1489,1471,3978,4432,NULL,NULL),('2013-06-05',1488,1513,1486,1503,1497,3986,5080,NULL,NULL),('2013-06-06',1496,1499,1471,1475,1486,3044,4802,NULL,NULL),('2013-06-07',1482,1489,1444,1468,1460,4830,5322,NULL,NULL),('2013-06-13',1452,1473,1448,1466,1464,4700,6286,NULL,NULL),('2013-06-14',1470,1486,1459,1470,1473,6558,8636,NULL,NULL),('2013-06-17',1471,1491,1471,1477,1483,3836,9732,NULL,NULL),('2013-06-18',1476,1490,1453,1458,1466,4364,10654,NULL,NULL),('2013-06-19',1455,1463,1445,1463,1452,7710,12856,NULL,NULL),('2013-06-20',1456,1464,1430,1433,1443,9050,14858,NULL,NULL),('2013-06-21',1414,1441,1402,1430,1421,18892,20726,NULL,NULL),('2013-06-24',1430,1435,1408,1410,1417,8010,22574,NULL,NULL),('2013-06-25',1414,1436,1409,1432,1418,13822,23098,NULL,NULL),('2013-06-26',1436,1439,1396,1405,1414,10540,23564,NULL,NULL),('2013-06-27',1410,1426,1405,1420,1416,10924,22734,NULL,NULL),('2013-06-28',1420,1430,1412,1418,1422,12514,20858,NULL,NULL),('2013-07-01',1412,1428,1406,1425,1416,10346,18866,NULL,NULL),('2013-07-02',1430,1449,1425,1443,1439,13598,20872,NULL,NULL),('2013-07-03',1446,1450,1437,1448,1444,7058,21178,NULL,NULL),('2013-07-04',1450,1458,1442,1446,1450,6036,20576,NULL,NULL),('2013-07-05',1443,1448,1428,1434,1439,5422,20072,NULL,NULL),('2013-07-08',1431,1434,1391,1425,1424,5446,20084,NULL,NULL),('2013-07-09',1427,1431,1414,1416,1424,7642,19086,NULL,NULL),('2013-07-10',1414,1433,1407,1432,1420,9990,20590,NULL,NULL),('2013-07-11',1443,1470,1436,1449,1449,21058,23682,NULL,NULL),('2013-07-12',1445,1451,1439,1441,1444,11996,23800,NULL,NULL),('2013-07-15',1440,1453,1425,1427,1442,10434,26734,NULL,NULL),('2013-07-16',1426,1434,1422,1428,1428,10506,26806,NULL,NULL),('2013-07-17',1431,1448,1421,1438,1435,12292,25814,NULL,NULL),('2013-07-18',1436,1437,1425,1431,1430,10298,25692,NULL,NULL),('2013-07-19',1437,1448,1429,1429,1440,10918,25682,NULL,NULL),('2013-07-22',1434,1434,1410,1413,1417,24560,26324,NULL,NULL),('2013-07-23',1412,1421,1404,1417,1415,8408,26068,NULL,NULL),('2013-07-24',1418,1425,1412,1421,1418,12754,29344,NULL,NULL),('2013-07-25',1417,1426,1413,1415,1420,15706,36848,NULL,NULL),('2013-07-26',1415,1420,1401,1404,1411,12068,37428,NULL,NULL),('2013-07-29',1403,1403,1389,1395,1396,17444,40908,NULL,NULL),('2013-07-30',1396,1403,1393,1398,1399,11754,42756,NULL,NULL),('2013-07-31',1394,1407,1393,1402,1401,7576,42174,NULL,NULL),('2013-08-01',1405,1413,1402,1409,1408,7566,41008,NULL,NULL),('2013-08-02',1413,1417,1407,1411,1412,15082,42922,NULL,NULL),('2013-08-05',1409,1415,1409,1411,1412,7170,44156,NULL,NULL),('2013-08-06',1412,1413,1402,1407,1405,28296,45528,NULL,NULL),('2013-08-07',1406,1426,1402,1422,1419,19032,48936,NULL,NULL),('2013-08-08',1423,1432,1420,1430,1427,38770,66628,NULL,NULL),('2013-08-09',1433,1438,1424,1431,1431,25118,71174,NULL,NULL),('2013-08-12',1436,1461,1436,1461,1450,33408,83412,NULL,NULL),('2013-08-13',1461,1474,1456,1462,1464,29412,87554,NULL,NULL),('2013-08-14',1461,1480,1460,1462,1470,24528,87106,NULL,NULL),('2013-08-15',1465,1469,1457,1460,1463,20618,92636,NULL,NULL),('2013-08-16',1460,1466,1444,1453,1454,39474,101532,NULL,NULL),('2013-08-19',1452,1488,1452,1480,1478,61608,120296,NULL,NULL),('2013-08-20',1480,1484,1454,1457,1472,33530,125952,NULL,NULL),('2013-08-21',1461,1466,1448,1454,1454,29966,130700,NULL,NULL),('2013-08-22',1450,1462,1448,1451,1454,25466,132670,NULL,NULL),('2013-08-23',1452,1460,1435,1453,1451,39020,129362,NULL,NULL),('2013-08-26',1465,1477,1461,1471,1470,63004,141350,NULL,NULL),('2013-08-27',1470,1475,1462,1471,1468,24876,143374,NULL,NULL),('2013-08-28',1471,1490,1436,1440,1468,89374,151492,NULL,NULL),('2013-08-29',1440,1445,1411,1416,1428,70252,153622,NULL,NULL),('2013-08-30',1413,1422,1408,1409,1416,47044,160814,NULL,NULL),('2013-09-02',1415,1423,1407,1419,1417,41168,166936,NULL,NULL),('2013-09-03',1422,1428,1401,1411,1414,50802,166986,NULL,NULL),('2013-09-04',1410,1418,1397,1401,1409,27184,174042,NULL,NULL),('2013-09-05',1400,1408,1396,1398,1402,30022,178304,NULL,NULL),('2013-09-06',1399,1411,1389,1404,1403,31932,178382,NULL,NULL),('2013-09-09',1415,1418,1406,1411,1412,31230,178528,NULL,NULL),('2013-09-10',1410,1411,1400,1409,1406,20198,177252,NULL,NULL),('2013-09-11',1410,1423,1407,1414,1416,44470,180440,NULL,NULL),('2013-09-12',1418,1418,1403,1405,1411,41406,178614,NULL,NULL),('2013-09-13',1406,1416,1402,1406,1409,36334,174134,NULL,NULL),('2013-09-16',1408,1416,1392,1394,1406,57586,182806,NULL,NULL),('2013-09-17',1391,1391,1351,1359,1367,156006,209920,NULL,NULL),('2013-09-18',1354,1360,1348,1353,1355,122100,223374,NULL,NULL),('2013-09-23',1352,1365,1342,1362,1357,78862,228194,NULL,NULL),('2013-09-24',1358,1367,1351,1356,1359,78400,238880,NULL,NULL),('2013-09-25',1356,1361,1345,1346,1352,86824,242654,NULL,NULL),('2013-09-26',1346,1354,1332,1343,1343,107208,236306,NULL,NULL),('2013-09-27',1341,1345,1324,1324,1333,81190,232938,NULL,NULL),('2013-09-30',1322,1331,1315,1315,1322,50746,238756,NULL,NULL),('2013-10-08',1314,1322,1307,1320,1315,45386,247612,NULL,NULL),('2013-10-09',1320,1339,1320,1334,1333,96108,271322,NULL,NULL),('2013-10-10',1331,1340,1329,1331,1333,58780,276976,NULL,NULL),('2013-10-11',1334,1341,1330,1331,1335,69284,284554,NULL,NULL),('2013-10-14',1325,1331,1316,1321,1322,105060,303890,NULL,NULL),('2013-10-15',1325,1347,1320,1325,1332,346898,342760,NULL,NULL),('2013-10-16',1326,1332,1311,1312,1320,166686,383394,NULL,NULL),('2013-10-17',1316,1319,1298,1298,1308,245244,423518,NULL,NULL),('2013-10-18',1299,1305,1294,1297,1300,118202,434506,NULL,NULL),('2013-10-21',1298,1322,1297,1321,1312,207370,410554,NULL,NULL),('2013-10-22',1322,1329,1315,1316,1320,216048,402838,NULL,NULL),('2013-10-23',1318,1324,1309,1314,1316,212388,421062,NULL,NULL),('2013-10-24',1313,1316,1303,1312,1310,206600,456314,NULL,NULL),('2013-10-25',1313,1319,1287,1292,1303,444974,473176,NULL,NULL),('2013-10-28',1293,1302,1290,1300,1297,257966,472846,NULL,NULL),('2013-10-29',1302,1319,1297,1307,1305,396472,479352,NULL,NULL),('2013-10-30',1309,1315,1301,1312,1308,403914,495924,NULL,NULL),('2013-10-31',1312,1329,1308,1327,1320,675412,543988,NULL,NULL),('2013-11-01',1327,1335,1322,1329,1328,695254,544974,NULL,NULL),('2013-11-04',1328,1330,1320,1326,1325,378030,535150,NULL,NULL),('2013-11-05',1328,1332,1321,1329,1328,454304,556926,NULL,NULL),('2013-11-06',1327,1334,1317,1319,1324,610816,572156,NULL,NULL),('2013-11-07',1317,1326,1315,1320,1321,344586,562666,NULL,NULL),('2013-11-08',1319,1324,1311,1312,1319,285372,558754,NULL,NULL),('2013-11-11',1313,1315,1303,1305,1309,364280,583080,NULL,NULL),('2013-11-12',1307,1311,1300,1308,1305,347500,582436,NULL,NULL),('2013-11-13',1306,1309,1303,1305,1306,241714,578192,NULL,NULL),('2013-11-14',1306,1311,1301,1306,1306,289556,577900,NULL,NULL),('2013-11-15',1306,1317,1303,1304,1311,424280,566222,NULL,NULL),('2013-11-18',1303,1307,1292,1296,1297,447350,602202,NULL,NULL),('2013-11-19',1295,1311,1294,1311,1303,406734,563894,NULL,NULL),('2013-11-20',1312,1314,1307,1309,1310,296494,571082,NULL,NULL),('2013-11-21',1307,1308,1301,1303,1304,249758,570478,NULL,NULL),('2013-11-22',1306,1311,1302,1308,1306,262152,547700,NULL,NULL),('2013-11-25',1310,1322,1308,1319,1316,460740,540926,NULL,NULL),('2013-11-26',1317,1326,1317,1321,1322,426376,550820,NULL,NULL),('2013-11-27',1321,1325,1316,1319,1319,253102,549416,NULL,NULL),('2013-11-28',1319,1327,1312,1313,1320,446296,549576,NULL,NULL),('2013-11-29',1315,1318,1312,1317,1315,207072,532464,NULL,NULL),('2013-12-02',1318,1324,1314,1323,1319,248924,537442,NULL,NULL),('2013-12-03',1322,1326,1319,1324,1323,228150,536610,NULL,NULL),('2013-12-04',1326,1329,1320,1320,1324,278268,526860,NULL,NULL),('2013-12-05',1323,1326,1316,1318,1321,231666,504004,NULL,NULL),('2013-12-06',1318,1320,1309,1319,1314,297266,459820,NULL,NULL),('2013-12-09',1320,1325,1316,1319,1321,149006,461666,NULL,NULL),('2013-12-10',1320,1324,1316,1318,1320,155384,460134,NULL,NULL),('2013-12-11',1319,1322,1316,1321,1319,130304,449070,NULL,NULL),('2013-12-12',1322,1363,1322,1353,1351,1299682,583930,NULL,NULL),('2013-12-13',1348,1350,1324,1335,1336,768400,450746,NULL,NULL),('2013-12-16',1337,1340,1322,1327,1330,401192,460364,NULL,NULL),('2013-12-17',1330,1337,1325,1330,1332,471464,464776,NULL,NULL),('2013-12-18',1330,1332,1323,1329,1328,354316,429966,NULL,NULL),('2013-12-19',1332,1337,1327,1328,1332,251974,429002,NULL,NULL),('2013-12-20',1328,1328,1278,1319,1314,594116,317166,NULL,NULL),('2013-12-23',1319,1320,1308,1313,1314,276240,300908,NULL,NULL),('2013-12-24',1310,1316,1309,1313,1313,118902,293650,NULL,NULL),('2013-12-25',1315,1326,1314,1323,1319,187496,273602,NULL,NULL),('2013-12-26',1322,1325,1313,1315,1318,180420,263438,NULL,NULL),('2013-12-27',1310,1320,1308,1316,1315,189222,245940,NULL,NULL),('2013-12-30',1316,1325,1312,1315,1318,185588,249264,NULL,NULL),('2013-12-31',1312,1320,1288,1290,1302,485552,270942,NULL,NULL),('2014-01-02',1291,1293,1278,1281,1285,474004,291530,NULL,NULL),('2014-01-03',1275,1286,1271,1285,1279,256508,266876,NULL,NULL),('2014-01-06',1282,1288,1253,1255,1268,369924,312358,NULL,NULL),('2014-01-07',1254,1255,1225,1238,1237,493404,284906,NULL,NULL),('2014-01-08',1235,1241,1224,1232,1233,295864,281396,NULL,NULL),('2014-01-09',1230,1265,1226,1247,1242,390080,248794,NULL,NULL),('2014-01-10',1244,1251,1237,1251,1244,250594,232790,NULL,NULL),('2014-01-13',1254,1260,1244,1246,1250,181066,235902,NULL,NULL),('2014-01-14',1246,1258,1239,1257,1248,192948,226740,NULL,NULL),('2014-01-15',1256,1263,1252,1259,1257,134548,227678,NULL,NULL),('2014-01-16',1263,1270,1248,1248,1259,213476,233948,NULL,NULL),('2014-01-17',1245,1255,1236,1252,1245,274500,219316,NULL,NULL),('2014-01-20',1254,1261,1245,1249,1252,253266,222192,NULL,NULL),('2014-01-21',1247,1247,1216,1217,1232,384082,265950,NULL,NULL),('2014-01-22',1216,1239,1210,1235,1227,474548,234822,NULL,NULL),('2014-01-23',1230,1265,1228,1264,1249,743264,246212,NULL,NULL),('2014-01-24',1261,1275,1253,1274,1263,491602,224954,NULL,NULL),('2014-01-27',1270,1283,1264,1281,1274,583690,226076,NULL,NULL),('2014-01-28',1279,1284,1267,1276,1275,484416,213244,NULL,NULL),('2014-01-29',1270,1299,1267,1292,1284,524916,200362,NULL,NULL),('2014-01-30',1290,1305,1284,1302,1294,310438,176810,NULL,NULL),('2014-02-07',1307,1310,1272,1281,1285,377676,183388,NULL,NULL),('2014-02-10',1280,1295,1272,1292,1284,317786,204988,NULL,NULL),('2014-02-11',1290,1297,1284,1294,1291,284140,223020,NULL,NULL),('2014-02-12',1296,1317,1293,1311,1305,664878,262924,NULL,NULL),('2014-02-13',1311,1317,1303,1306,1309,441710,255726,NULL,NULL),('2014-02-14',1306,1311,1298,1306,1305,294706,261814,NULL,NULL),('2014-02-17',1308,1324,1301,1315,1314,431148,265696,NULL,NULL),('2014-02-18',1313,1317,1294,1298,1303,500656,288596,NULL,NULL),('2014-02-19',1302,1306,1288,1296,1296,543306,278620,NULL,NULL),('2014-02-20',1292,1302,1285,1290,1292,447706,266982,NULL,NULL),('2014-02-21',1293,1303,1286,1295,1296,510712,272762,NULL,NULL),('2014-02-24',1293,1294,1256,1266,1270,729874,238400,NULL,NULL),('2014-02-25',1267,1276,1259,1260,1267,435298,234284,NULL,NULL),('2014-02-26',1258,1268,1253,1262,1261,316834,235378,NULL,NULL),('2014-02-27',1263,1263,1243,1247,1251,395874,241910,NULL,NULL),('2014-02-28',1248,1255,1243,1247,1249,256984,218894,NULL,NULL),('2014-03-03',1245,1249,1235,1240,1241,266000,224118,NULL,NULL),('2014-03-04',1241,1242,1226,1239,1235,282004,220736,NULL,NULL),('2014-03-05',1243,1260,1242,1252,1252,357234,205512,NULL,NULL),('2014-03-06',1249,1259,1247,1256,1253,213156,207810,NULL,NULL),('2014-03-07',1252,1255,1228,1235,1237,474670,229638,NULL,NULL),('2014-03-10',1225,1233,1187,1191,1204,429560,228340,NULL,NULL),('2014-03-11',1194,1233,1190,1224,1212,510868,189292,NULL,NULL),('2014-03-12',1218,1235,1203,1229,1222,372454,170192,NULL,NULL),('2014-03-13',1227,1232,1223,1227,1227,137922,171074,NULL,NULL),('2014-03-14',1224,1228,1212,1227,1219,190448,162012,NULL,NULL),('2014-03-17',1228,1231,1205,1207,1217,192948,166960,NULL,NULL),('2014-03-18',1208,1228,1206,1221,1219,96002,148424,NULL,NULL),('2014-03-19',1223,1227,1214,1216,1219,58598,136894,NULL,NULL),('2014-03-20',1222,1226,1211,1214,1218,61514,129940,NULL,NULL),('2014-03-21',1212,1220,1209,1212,1215,32288,125966,NULL,NULL),('2014-03-24',1211,1212,1185,1191,1192,51254,123074,NULL,NULL),('2014-03-25',1191,1217,1187,1199,1202,77384,111096,NULL,NULL),('2014-03-26',1201,1203,1172,1175,1185,80358,111080,NULL,NULL),('2014-03-27',1171,1187,1171,1178,1181,59786,104452,NULL,NULL),('2014-03-28',1176,1195,1176,1195,1188,41544,93212,NULL,NULL),('2014-03-31',1195,1199,1187,1189,1193,26708,92260,NULL,NULL),('2014-04-01',1189,1195,1185,1190,1189,16384,86764,NULL,NULL),('2014-04-02',1190,1194,1176,1179,1184,24096,84228,NULL,NULL),('2014-04-03',1178,1182,1171,1180,1178,16892,82702,NULL,NULL),('2014-04-04',1180,1184,1172,1183,1178,22670,77386,NULL,NULL),('2014-04-08',1180,1203,1180,1197,1196,55054,63374,NULL,NULL),('2014-04-09',1197,1198,1177,1182,1188,15460,60370,NULL,NULL),('2014-04-10',1184,1188,1177,1181,1183,16516,54134,NULL,NULL),('2014-04-11',1180,1180,1142,1143,1160,36114,46390,NULL,NULL),('2014-04-14',1140,1156,1140,1156,1151,14788,39812,NULL,NULL),('2014-04-15',1153,1156,1150,1152,1152,6440,36674,NULL,NULL),('2014-04-16',1153,1171,1153,1166,1165,13492,30960,NULL,NULL),('2014-04-17',1165,1168,1162,1166,1165,4180,28466,NULL,NULL),('2014-04-18',1165,1168,1154,1164,1162,8108,22496,NULL,NULL);
/*!40000 ALTER TABLE `FG405_dayk` ENABLE KEYS */;
UNLOCK TABLES;

--
-- Table structure for table `FG409_dayk`
--

DROP TABLE IF EXISTS `FG409_dayk`;
/*!40101 SET @saved_cs_client     = @@character_set_client */;
/*!40101 SET character_set_client = utf8 */;
CREATE TABLE `FG409_dayk` (
  `Time` date NOT NULL,
  `Open` float NOT NULL,
  `Highest` float NOT NULL,
  `Lowest` float NOT NULL,
  `Close` float NOT NULL,
  `Avg` float NOT NULL,
  `SellVol` int(11) DEFAULT NULL,
  `BuyVol` int(11) DEFAULT NULL,
  `Tr` float DEFAULT NULL,
  `Atr` float DEFAULT NULL,
  PRIMARY KEY (`Time`)
) ENGINE=MyISAM DEFAULT CHARSET=latin1;
/*!40101 SET character_set_client = @saved_cs_client */;

--
-- Dumping data for table `FG409_dayk`
--

LOCK TABLES `FG409_dayk` WRITE;
/*!40000 ALTER TABLE `FG409_dayk` DISABLE KEYS */;
INSERT INTO `FG409_dayk` VALUES ('2013-09-16',1455,1482,1455,1471,1472,1908,1210,NULL,NULL),('2013-09-17',1468,1469,1426,1432,1444,3682,3124,NULL,NULL),('2013-09-18',1428,1432,1420,1427,1425,3326,5390,NULL,NULL),('2013-09-23',1431,1436,1421,1434,1427,3314,7966,NULL,NULL),('2013-09-24',1435,1437,1427,1430,1433,794,8290,NULL,NULL),('2013-09-25',1430,1438,1423,1424,1430,658,8322,NULL,NULL),('2013-09-26',1427,1428,1406,1417,1415,1834,8826,NULL,NULL),('2013-09-27',1417,1419,1402,1402,1407,2144,9072,NULL,NULL),('2013-09-30',1395,1406,1395,1396,1400,626,9036,NULL,NULL),('2013-10-08',1396,1397,1381,1394,1388,610,9256,NULL,NULL),('2013-10-09',1396,1412,1394,1409,1407,2584,10822,NULL,NULL),('2013-10-10',1408,1414,1403,1406,1408,1358,11116,NULL,NULL),('2013-10-11',1409,1415,1405,1407,1409,4042,12996,NULL,NULL),('2013-10-14',1406,1406,1392,1400,1400,13020,24590,NULL,NULL),('2013-10-15',1402,1421,1397,1399,1413,8948,23750,NULL,NULL),('2013-10-16',1399,1406,1382,1385,1390,9282,29698,NULL,NULL),('2013-10-17',1390,1392,1376,1376,1385,12036,36854,NULL,NULL),('2013-10-18',1373,1381,1371,1371,1376,2674,37256,NULL,NULL),('2013-10-21',1374,1394,1371,1394,1383,5594,38568,NULL,NULL),('2013-10-22',1391,1395,1381,1382,1387,4060,40514,NULL,NULL),('2013-10-23',1382,1390,1378,1384,1384,5910,42040,NULL,NULL),('2013-10-24',1382,1386,1376,1383,1381,3206,42002,NULL,NULL),('2013-10-25',1385,1388,1358,1364,1374,5100,40820,NULL,NULL),('2013-10-28',1365,1373,1362,1368,1367,4352,40942,NULL,NULL),('2013-10-29',1371,1386,1366,1375,1374,3936,40762,NULL,NULL),('2013-10-30',1376,1383,1370,1382,1375,2948,40798,NULL,NULL),('2013-10-31',1380,1398,1377,1395,1388,6830,41134,NULL,NULL),('2013-11-01',1395,1403,1391,1398,1398,6866,41668,NULL,NULL),('2013-11-04',1397,1398,1390,1397,1394,2106,41744,NULL,NULL),('2013-11-05',1396,1402,1390,1400,1397,2824,41666,NULL,NULL),('2013-11-06',1398,1403,1392,1395,1396,12052,42294,NULL,NULL),('2013-11-07',1395,1402,1394,1398,1397,3936,43022,NULL,NULL),('2013-11-08',1396,1400,1393,1394,1395,5470,45182,NULL,NULL),('2013-11-11',1395,1395,1389,1390,1393,5686,47090,NULL,NULL),('2013-11-12',1390,1390,1383,1388,1387,3976,47106,NULL,NULL),('2013-11-13',1390,1390,1383,1385,1386,1796,47340,NULL,NULL),('2013-11-14',1385,1389,1380,1385,1383,2978,47304,NULL,NULL),('2013-11-15',1386,1396,1383,1383,1390,2934,47718,NULL,NULL),('2013-11-18',1384,1387,1374,1376,1378,3898,47838,NULL,NULL),('2013-11-19',1378,1394,1375,1393,1386,6644,47062,NULL,NULL),('2013-11-20',1394,1396,1390,1392,1393,2608,47160,NULL,NULL),('2013-11-21',1390,1391,1384,1386,1387,2412,47006,NULL,NULL),('2013-11-22',1390,1392,1385,1389,1389,3770,46008,NULL,NULL),('2013-11-25',1392,1402,1388,1402,1397,4864,45520,NULL,NULL),('2013-11-26',1401,1408,1400,1405,1405,3126,45784,NULL,NULL),('2013-11-27',1403,1407,1400,1401,1402,6198,45542,NULL,NULL),('2013-11-28',1401,1410,1395,1395,1400,8310,42352,NULL,NULL),('2013-11-29',1396,1399,1395,1399,1396,4480,42846,NULL,NULL),('2013-12-02',1399,1407,1396,1405,1401,7376,43476,NULL,NULL),('2013-12-03',1404,1410,1401,1408,1407,7080,43992,NULL,NULL),('2013-12-04',1410,1412,1403,1403,1407,5918,43964,NULL,NULL),('2013-12-05',1405,1408,1398,1399,1403,4888,44714,NULL,NULL),('2013-12-06',1401,1406,1393,1406,1398,13442,43766,NULL,NULL),('2013-12-09',1406,1410,1403,1407,1407,6076,43770,NULL,NULL),('2013-12-10',1406,1410,1403,1404,1406,4864,42850,NULL,NULL),('2013-12-11',1405,1409,1402,1409,1406,4750,42496,NULL,NULL),('2013-12-12',1409,1455,1409,1444,1443,28628,45842,NULL,NULL),('2013-12-13',1437,1441,1413,1420,1425,19108,46150,NULL,NULL),('2013-12-16',1425,1426,1411,1415,1417,7204,45190,NULL,NULL),('2013-12-17',1416,1425,1413,1417,1419,7310,45114,NULL,NULL),('2013-12-18',1420,1423,1412,1421,1418,15392,42490,NULL,NULL),('2013-12-19',1425,1428,1419,1421,1423,6428,43318,NULL,NULL),('2013-12-20',1422,1422,1374,1413,1407,21832,37576,NULL,NULL),('2013-12-23',1415,1416,1403,1408,1409,9122,37308,NULL,NULL),('2013-12-24',1409,1413,1406,1411,1410,4916,38156,NULL,NULL),('2013-12-25',1411,1419,1408,1414,1412,10940,40856,NULL,NULL),('2013-12-26',1413,1416,1408,1410,1412,6918,39752,NULL,NULL),('2013-12-27',1406,1414,1405,1409,1411,11706,39086,NULL,NULL),('2013-12-30',1410,1418,1407,1409,1412,8886,38076,NULL,NULL),('2013-12-31',1408,1415,1385,1388,1401,22994,32398,NULL,NULL),('2014-01-02',1386,1388,1373,1374,1380,22892,36884,NULL,NULL),('2014-01-03',1370,1375,1365,1374,1370,18346,38464,NULL,NULL),('2014-01-06',1374,1378,1342,1345,1359,31296,42840,NULL,NULL),('2014-01-07',1343,1344,1313,1319,1323,34762,48888,NULL,NULL),('2014-01-08',1317,1327,1313,1317,1320,34980,48178,NULL,NULL),('2014-01-09',1314,1351,1312,1324,1324,39314,50770,NULL,NULL),('2014-01-10',1324,1329,1318,1328,1323,21562,51272,NULL,NULL),('2014-01-13',1329,1337,1325,1330,1330,19122,46866,NULL,NULL),('2014-01-14',1330,1340,1323,1340,1331,13236,45364,NULL,NULL),('2014-01-15',1341,1345,1335,1343,1339,8702,44802,NULL,NULL),('2014-01-16',1346,1353,1331,1333,1343,12454,44582,NULL,NULL),('2014-01-17',1330,1338,1320,1335,1329,20178,45036,NULL,NULL),('2014-01-20',1336,1344,1326,1329,1333,16734,47608,NULL,NULL),('2014-01-21',1328,1328,1291,1293,1310,39744,56144,NULL,NULL),('2014-01-22',1290,1320,1285,1317,1304,44124,58146,NULL,NULL),('2014-01-23',1314,1344,1310,1344,1328,43048,52694,NULL,NULL),('2014-01-24',1341,1355,1334,1355,1344,24724,49916,NULL,NULL),('2014-01-27',1351,1363,1343,1360,1354,27542,48104,NULL,NULL),('2014-01-28',1360,1364,1347,1356,1355,19168,46958,NULL,NULL),('2014-01-29',1352,1377,1347,1372,1361,27424,46606,NULL,NULL),('2014-01-30',1370,1385,1364,1384,1373,18148,46142,NULL,NULL),('2014-02-07',1389,1390,1353,1362,1367,21736,47668,NULL,NULL),('2014-02-10',1361,1373,1352,1371,1361,36280,59822,NULL,NULL),('2014-02-11',1370,1376,1363,1372,1369,23072,62396,NULL,NULL),('2014-02-12',1373,1396,1372,1389,1383,38938,65224,NULL,NULL),('2014-02-13',1390,1396,1380,1383,1387,29558,65096,NULL,NULL),('2014-02-14',1383,1388,1376,1383,1382,20892,65602,NULL,NULL),('2014-02-17',1384,1400,1378,1392,1390,43420,72354,NULL,NULL),('2014-02-18',1390,1395,1375,1379,1385,57056,72386,NULL,NULL),('2014-02-19',1383,1387,1368,1376,1375,45816,69670,NULL,NULL),('2014-02-20',1374,1380,1364,1367,1371,29822,72398,NULL,NULL),('2014-02-21',1368,1380,1364,1375,1373,35534,76746,NULL,NULL),('2014-02-24',1370,1371,1333,1342,1347,88264,87702,NULL,NULL),('2014-02-25',1343,1350,1333,1334,1340,60782,93256,NULL,NULL),('2014-02-26',1331,1341,1327,1338,1336,46694,90520,NULL,NULL),('2014-02-27',1338,1338,1321,1322,1327,56666,90522,NULL,NULL),('2014-02-28',1323,1331,1319,1326,1326,38594,88452,NULL,NULL),('2014-03-03',1327,1327,1313,1316,1318,45624,91560,NULL,NULL),('2014-03-04',1318,1319,1303,1315,1312,56292,95878,NULL,NULL),('2014-03-05',1318,1336,1318,1329,1328,80054,96590,NULL,NULL),('2014-03-06',1326,1335,1324,1332,1329,44742,100236,NULL,NULL),('2014-03-07',1330,1332,1306,1312,1314,127630,113256,NULL,NULL),('2014-03-10',1298,1303,1261,1261,1279,132186,137992,NULL,NULL),('2014-03-11',1259,1302,1253,1298,1279,191542,123462,NULL,NULL),('2014-03-12',1282,1305,1267,1296,1288,190696,133282,NULL,NULL),('2014-03-13',1296,1300,1292,1296,1295,70592,128734,NULL,NULL),('2014-03-14',1291,1294,1272,1289,1281,161356,137520,NULL,NULL),('2014-03-17',1295,1297,1251,1253,1268,416526,241866,NULL,NULL),('2014-03-18',1253,1286,1251,1275,1272,431272,266308,NULL,NULL),('2014-03-19',1276,1282,1268,1273,1275,250168,274422,NULL,NULL),('2014-03-20',1285,1285,1263,1268,1275,301786,276604,NULL,NULL),('2014-03-21',1266,1276,1262,1265,1269,335954,256374,NULL,NULL),('2014-03-24',1264,1264,1236,1249,1245,347036,282358,NULL,NULL),('2014-03-25',1247,1281,1245,1260,1263,524724,268060,NULL,NULL),('2014-03-26',1263,1265,1231,1234,1245,713212,377362,NULL,NULL),('2014-03-27',1231,1249,1231,1240,1241,585748,316578,NULL,NULL),('2014-03-28',1240,1261,1237,1260,1250,497960,248510,NULL,NULL),('2014-03-31',1263,1270,1258,1262,1264,358888,236726,NULL,NULL),('2014-04-01',1261,1270,1256,1263,1263,244578,241200,NULL,NULL),('2014-04-02',1266,1270,1245,1248,1255,361990,288146,NULL,NULL),('2014-04-03',1246,1257,1244,1255,1251,336034,282090,NULL,NULL),('2014-04-04',1257,1261,1244,1256,1252,487266,314302,NULL,NULL),('2014-04-08',1256,1284,1255,1282,1273,571924,287376,NULL,NULL),('2014-04-09',1283,1287,1268,1272,1278,323470,289042,NULL,NULL),('2014-04-10',1274,1282,1270,1275,1277,411822,291676,NULL,NULL),('2014-04-11',1274,1275,1246,1248,1261,506436,313994,NULL,NULL),('2014-04-14',1249,1262,1247,1255,1256,366280,316420,NULL,NULL),('2014-04-15',1255,1265,1251,1258,1257,341676,307536,NULL,NULL),('2014-04-16',1256,1274,1255,1264,1266,621534,298566,NULL,NULL),('2014-04-17',1266,1268,1257,1262,1263,229262,290778,NULL,NULL),('2014-04-18',1263,1264,1241,1247,1248,420802,293988,NULL,NULL);
/*!40000 ALTER TABLE `FG409_dayk` ENABLE KEYS */;
UNLOCK TABLES;

--
-- Table structure for table `RM405_dayk`
--

DROP TABLE IF EXISTS `RM405_dayk`;
/*!40101 SET @saved_cs_client     = @@character_set_client */;
/*!40101 SET character_set_client = utf8 */;
CREATE TABLE `RM405_dayk` (
  `Time` date NOT NULL,
  `Open` float NOT NULL,
  `Highest` float NOT NULL,
  `Lowest` float NOT NULL,
  `Close` float NOT NULL,
  `Avg` float NOT NULL,
  `SellVol` int(11) DEFAULT NULL,
  `BuyVol` int(11) DEFAULT NULL,
  `Tr` float DEFAULT NULL,
  `Atr` float DEFAULT NULL,
  PRIMARY KEY (`Time`)
) ENGINE=MyISAM DEFAULT CHARSET=latin1;
/*!40101 SET character_set_client = @saved_cs_client */;

--
-- Dumping data for table `RM405_dayk`
--

LOCK TABLES `RM405_dayk` WRITE;
/*!40000 ALTER TABLE `RM405_dayk` DISABLE KEYS */;
INSERT INTO `RM405_dayk` VALUES ('2013-05-16',2165,2260,2156,2233,2222,13484,7116,NULL,NULL),('2013-05-17',2243,2251,2229,2234,2236,5654,8438,NULL,NULL),('2013-05-20',2241,2250,2233,2240,2241,5142,11218,NULL,NULL),('2013-05-21',2245,2245,2211,2221,2222,8280,15280,NULL,NULL),('2013-05-22',2221,2231,2217,2223,2225,4954,17270,NULL,NULL),('2013-05-23',2229,2231,2216,2216,2223,4398,19140,NULL,NULL),('2013-05-24',2213,2216,2204,2214,2211,3040,19344,NULL,NULL),('2013-05-27',2212,2239,2210,2236,2230,8866,20222,NULL,NULL),('2013-05-28',2240,2251,2239,2246,2245,7744,24058,NULL,NULL),('2013-05-29',2260,2322,2260,2298,2298,17568,26460,NULL,NULL),('2013-05-30',2305,2311,2293,2308,2303,10822,28840,NULL,NULL),('2013-05-31',2307,2317,2290,2312,2303,22714,29670,NULL,NULL),('2013-06-03',2318,2363,2311,2348,2336,18080,31252,NULL,NULL),('2013-06-04',2350,2350,2318,2322,2334,18138,39614,NULL,NULL),('2013-06-05',2321,2392,2321,2370,2360,34298,48644,NULL,NULL),('2013-06-06',2360,2362,2335,2337,2349,19432,51538,NULL,NULL),('2013-06-07',2344,2352,2325,2338,2338,19116,47592,NULL,NULL),('2013-06-13',2338,2350,2298,2303,2312,20104,49680,NULL,NULL),('2013-06-14',2299,2317,2293,2315,2308,22716,55124,NULL,NULL),('2013-06-17',2310,2328,2284,2317,2309,28912,67870,NULL,NULL),('2013-06-18',2320,2345,2316,2318,2330,26482,76226,NULL,NULL),('2013-06-19',2319,2326,2301,2310,2315,25676,80216,NULL,NULL),('2013-06-20',2312,2329,2301,2305,2316,16070,81200,NULL,NULL),('2013-06-21',2290,2290,2251,2252,2271,30130,80662,NULL,NULL),('2013-06-24',2241,2257,2222,2227,2241,19028,81226,NULL,NULL),('2013-06-25',2243,2269,2236,2266,2251,22944,83152,NULL,NULL),('2013-06-26',2267,2278,2255,2265,2266,22766,86710,NULL,NULL),('2013-06-27',2269,2285,2260,2281,2270,35874,85660,NULL,NULL),('2013-06-28',2280,2288,2268,2276,2279,34074,85872,NULL,NULL),('2013-07-01',2249,2263,2244,2257,2254,37534,76994,NULL,NULL),('2013-07-02',2249,2292,2245,2289,2270,31334,82076,NULL,NULL),('2013-07-03',2288,2310,2282,2302,2296,38116,86530,NULL,NULL),('2013-07-04',2297,2314,2296,2303,2305,47990,87274,NULL,NULL),('2013-07-05',2304,2315,2297,2312,2309,45968,95682,NULL,NULL),('2013-07-08',2294,2303,2271,2280,2287,30294,99764,NULL,NULL),('2013-07-09',2297,2339,2295,2338,2319,44872,101656,NULL,NULL),('2013-07-10',2350,2353,2324,2334,2336,63560,104992,NULL,NULL),('2013-07-11',2345,2356,2329,2344,2347,72130,115708,NULL,NULL),('2013-07-12',2350,2370,2347,2349,2361,70984,130056,NULL,NULL),('2013-07-15',2327,2342,2320,2339,2331,33004,129958,NULL,NULL),('2013-07-16',2351,2358,2340,2357,2350,65950,156712,NULL,NULL),('2013-07-17',2369,2374,2349,2351,2359,59856,165888,NULL,NULL),('2013-07-18',2344,2353,2330,2353,2338,80406,194188,NULL,NULL),('2013-07-19',2344,2378,2335,2335,2362,164958,239408,NULL,NULL),('2013-07-22',2344,2354,2324,2344,2342,212434,278422,NULL,NULL),('2013-07-23',2356,2393,2353,2381,2374,175840,297700,NULL,NULL),('2013-07-24',2363,2377,2353,2366,2366,143668,321328,NULL,NULL),('2013-07-25',2351,2359,2340,2347,2351,74524,328200,NULL,NULL),('2013-07-26',2315,2320,2260,2271,2286,166598,328500,NULL,NULL),('2013-07-29',2273,2280,2254,2269,2265,91050,331680,NULL,NULL),('2013-07-30',2280,2283,2263,2266,2274,74108,337692,NULL,NULL),('2013-07-31',2249,2276,2237,2274,2262,109232,360874,NULL,NULL),('2013-08-01',2272,2298,2272,2288,2290,167168,383170,NULL,NULL),('2013-08-02',2280,2300,2279,2299,2289,109186,379994,NULL,NULL),('2013-08-05',2290,2321,2290,2308,2307,211232,396884,NULL,NULL),('2013-08-06',2309,2315,2299,2301,2307,164214,421470,NULL,NULL),('2013-08-07',2291,2294,2259,2262,2281,129214,425788,NULL,NULL),('2013-08-08',2263,2297,2262,2290,2281,129684,419612,NULL,NULL),('2013-08-09',2300,2308,2287,2292,2301,107680,414970,NULL,NULL),('2013-08-12',2292,2313,2292,2311,2304,85322,418112,NULL,NULL),('2013-08-13',2344,2373,2336,2361,2357,111120,417634,NULL,NULL),('2013-08-14',2355,2390,2352,2359,2372,152018,415516,NULL,NULL),('2013-08-15',2373,2454,2373,2430,2426,383916,464664,NULL,NULL),('2013-08-16',2472,2481,2420,2426,2446,304654,443000,NULL,NULL),('2013-08-19',2458,2466,2433,2441,2447,255622,435540,NULL,NULL),('2013-08-20',2476,2485,2424,2439,2444,359804,462114,NULL,NULL),('2013-08-21',2436,2456,2424,2447,2441,197448,466410,NULL,NULL),('2013-08-22',2440,2479,2440,2476,2461,275348,455688,NULL,NULL),('2013-08-23',2473,2477,2458,2474,2467,128676,450884,NULL,NULL),('2013-08-26',2538,2566,2538,2566,2560,161454,444846,NULL,NULL),('2013-08-27',2575,2591,2562,2587,2578,210360,414014,NULL,NULL),('2013-08-28',2575,2590,2537,2545,2573,194104,418640,NULL,NULL),('2013-08-29',2557,2558,2485,2508,2518,246976,444796,NULL,NULL),('2013-08-30',2492,2504,2467,2490,2486,284454,459500,NULL,NULL),('2013-09-02',2491,2549,2490,2547,2528,219706,432448,NULL,NULL),('2013-09-03',2562,2570,2511,2567,2547,483708,420182,NULL,NULL),('2013-09-04',2549,2557,2515,2531,2533,449196,428410,NULL,NULL),('2013-09-05',2515,2541,2488,2495,2512,359692,391276,NULL,NULL),('2013-09-06',2515,2519,2491,2516,2507,251454,407976,NULL,NULL),('2013-09-09',2519,2533,2473,2479,2495,340822,423740,NULL,NULL),('2013-09-10',2459,2465,2438,2440,2451,281372,422862,NULL,NULL),('2013-09-11',2453,2473,2445,2471,2459,319562,427264,NULL,NULL),('2013-09-12',2471,2484,2461,2470,2470,171838,427446,NULL,NULL),('2013-09-13',2500,2516,2476,2483,2490,242210,392984,NULL,NULL),('2013-09-16',2450,2461,2425,2426,2444,167186,405724,NULL,NULL),('2013-09-17',2420,2439,2415,2435,2428,148266,387370,NULL,NULL),('2013-09-18',2425,2449,2423,2443,2434,130962,382356,NULL,NULL),('2013-09-23',2414,2450,2410,2435,2435,224674,379408,NULL,NULL),('2013-09-24',2430,2469,2427,2461,2453,230276,377498,NULL,NULL),('2013-09-25',2458,2479,2450,2464,2463,364296,416224,NULL,NULL),('2013-09-26',2465,2471,2450,2463,2462,135226,414442,NULL,NULL),('2013-09-27',2462,2498,2448,2494,2478,335644,412854,NULL,NULL),('2013-09-30',2490,2513,2453,2478,2480,163462,405544,NULL,NULL),('2013-10-08',2484,2556,2483,2550,2525,242166,417384,NULL,NULL),('2013-10-09',2539,2574,2533,2572,2553,422028,496150,NULL,NULL),('2013-10-10',2571,2596,2532,2535,2564,556316,474018,NULL,NULL),('2013-10-11',2532,2538,2503,2510,2515,334012,474770,NULL,NULL),('2013-10-14',2500,2520,2492,2508,2507,257286,473696,NULL,NULL),('2013-10-15',2512,2519,2447,2466,2481,452574,490954,NULL,NULL),('2013-10-16',2466,2487,2454,2465,2469,446798,484904,NULL,NULL),('2013-10-17',2481,2485,2435,2447,2455,397400,484200,NULL,NULL),('2013-10-18',2465,2468,2440,2443,2453,287154,497382,NULL,NULL),('2013-10-21',2434,2456,2418,2453,2433,299816,505204,NULL,NULL),('2013-10-22',2455,2466,2441,2442,2454,316310,488334,NULL,NULL),('2013-10-23',2441,2459,2432,2451,2448,298732,492220,NULL,NULL),('2013-10-24',2459,2462,2425,2446,2438,380966,468142,NULL,NULL),('2013-10-25',2443,2454,2399,2400,2432,433942,486110,NULL,NULL),('2013-10-28',2396,2408,2383,2385,2396,403006,482852,NULL,NULL),('2013-10-29',2368,2425,2368,2424,2405,550418,458804,NULL,NULL),('2013-10-30',2426,2430,2396,2402,2412,477990,478826,NULL,NULL),('2013-10-31',2400,2406,2384,2391,2394,516336,505962,NULL,NULL),('2013-11-01',2384,2405,2384,2401,2395,375090,492436,NULL,NULL),('2013-11-04',2393,2444,2389,2442,2426,965028,521638,NULL,NULL),('2013-11-05',2445,2455,2427,2439,2441,708934,525498,NULL,NULL),('2013-11-06',2432,2447,2429,2446,2439,623220,549846,NULL,NULL),('2013-11-07',2446,2458,2422,2423,2441,1052550,545498,NULL,NULL),('2013-11-08',2429,2437,2408,2409,2421,1030512,538418,NULL,NULL),('2013-11-11',2428,2444,2408,2415,2427,1212768,563570,NULL,NULL),('2013-11-12',2416,2434,2410,2432,2419,1153618,523830,NULL,NULL),('2013-11-13',2438,2440,2424,2434,2432,1066036,520162,NULL,NULL),('2013-11-14',2430,2434,2402,2406,2415,1112692,613744,NULL,NULL),('2013-11-15',2408,2412,2392,2401,2401,1408668,591948,NULL,NULL),('2013-11-18',2382,2385,2365,2374,2374,1221376,690638,NULL,NULL),('2013-11-19',2378,2394,2375,2381,2384,1097130,643326,NULL,NULL),('2013-11-20',2384,2391,2365,2385,2378,1318144,682356,NULL,NULL),('2013-11-21',2386,2400,2377,2389,2388,1512618,674492,NULL,NULL),('2013-11-22',2396,2410,2388,2406,2402,1486166,615166,NULL,NULL),('2013-11-25',2422,2431,2407,2407,2418,910754,559328,NULL,NULL),('2013-11-26',2420,2421,2396,2399,2406,895482,583650,NULL,NULL),('2013-11-27',2402,2423,2396,2419,2411,1302954,649746,NULL,NULL),('2013-11-28',2413,2433,2411,2428,2422,808328,630770,NULL,NULL),('2013-11-29',2428,2445,2428,2445,2437,937718,632314,NULL,NULL),('2013-12-02',2449,2458,2439,2456,2448,1080568,679114,NULL,NULL),('2013-12-03',2440,2451,2437,2438,2442,842580,684460,NULL,NULL),('2013-12-04',2440,2478,2439,2477,2462,1264838,750032,NULL,NULL),('2013-12-05',2479,2495,2476,2485,2485,1201458,790774,NULL,NULL),('2013-12-06',2486,2498,2470,2498,2484,1859564,799754,NULL,NULL),('2013-12-09',2495,2525,2491,2516,2510,2160790,792602,NULL,NULL),('2013-12-10',2526,2528,2512,2515,2520,955006,753438,NULL,NULL),('2013-12-11',2513,2517,2501,2511,2509,1144664,789358,NULL,NULL),('2013-12-12',2514,2524,2491,2494,2506,1016372,774136,NULL,NULL),('2013-12-13',2486,2488,2461,2479,2475,1000730,736376,NULL,NULL),('2013-12-16',2485,2519,2483,2513,2510,1827076,816126,NULL,NULL),('2013-12-17',2530,2544,2522,2536,2534,1933912,828580,NULL,NULL),('2013-12-18',2540,2546,2502,2516,2516,1547256,806432,NULL,NULL),('2013-12-19',2506,2522,2498,2517,2512,1772270,845168,NULL,NULL),('2013-12-20',2520,2525,2504,2523,2512,1078214,825738,NULL,NULL),('2013-12-23',2520,2526,2505,2514,2516,1255386,785834,NULL,NULL),('2013-12-24',2505,2506,2476,2495,2491,1564816,877220,NULL,NULL),('2013-12-25',2502,2566,2495,2563,2528,2193230,983218,NULL,NULL),('2013-12-26',2567,2588,2553,2562,2566,1993464,939026,NULL,NULL),('2013-12-27',2551,2629,2548,2624,2583,2539990,1019130,NULL,NULL),('2013-12-30',2628,2645,2585,2594,2618,3580202,932620,NULL,NULL),('2013-12-31',2596,2634,2591,2624,2618,3351688,941064,NULL,NULL),('2014-01-02',2616,2642,2606,2641,2622,2447362,1106372,NULL,NULL),('2014-01-03',2629,2642,2602,2627,2623,3208056,1100232,NULL,NULL),('2014-01-06',2628,2639,2612,2620,2624,2462186,1104062,NULL,NULL),('2014-01-07',2630,2630,2569,2582,2597,3355716,1067868,NULL,NULL),('2014-01-08',2587,2592,2563,2586,2576,2211700,1038868,NULL,NULL),('2014-01-09',2578,2610,2571,2578,2592,2487266,994140,NULL,NULL),('2014-01-10',2579,2595,2570,2592,2578,1807142,985004,NULL,NULL),('2014-01-13',2590,2609,2577,2578,2591,1832898,981470,NULL,NULL),('2014-01-14',2599,2629,2580,2627,2606,2568450,1034594,NULL,NULL),('2014-01-15',2632,2655,2626,2653,2637,2015504,1086842,NULL,NULL),('2014-01-16',2656,2687,2656,2681,2668,2097000,1122450,NULL,NULL),('2014-01-17',2675,2711,2666,2675,2686,2587322,1064148,NULL,NULL),('2014-01-20',2678,2691,2662,2688,2677,1601246,1027756,NULL,NULL),('2014-01-21',2689,2695,2656,2662,2671,1666942,955386,NULL,NULL),('2014-01-22',2630,2641,2579,2594,2610,2378376,832704,NULL,NULL),('2014-01-23',2596,2608,2585,2593,2596,1180448,851066,NULL,NULL),('2014-01-24',2589,2603,2575,2595,2590,1328696,809864,NULL,NULL),('2014-01-27',2604,2629,2595,2616,2615,1287240,827046,NULL,NULL),('2014-01-28',2620,2622,2581,2594,2603,972024,768544,NULL,NULL),('2014-01-29',2593,2605,2579,2591,2591,904646,690288,NULL,NULL),('2014-01-30',2580,2615,2570,2612,2597,605210,632176,NULL,NULL),('2014-02-07',2658,2720,2650,2703,2698,805862,672030,NULL,NULL),('2014-02-10',2712,2723,2681,2690,2697,1125204,756978,NULL,NULL),('2014-02-11',2676,2688,2662,2683,2675,1174474,799468,NULL,NULL),('2014-02-12',2695,2699,2665,2670,2680,1045568,772538,NULL,NULL),('2014-02-13',2660,2681,2654,2671,2671,778698,754626,NULL,NULL),('2014-02-14',2684,2689,2656,2656,2667,849248,701176,NULL,NULL),('2014-02-17',2652,2678,2621,2623,2648,1155398,699802,NULL,NULL),('2014-02-18',2625,2644,2611,2631,2628,1201000,679462,NULL,NULL),('2014-02-19',2649,2653,2627,2638,2640,1140214,649024,NULL,NULL),('2014-02-20',2631,2652,2626,2637,2641,881320,615600,NULL,NULL),('2014-02-21',2635,2643,2598,2599,2616,806006,655210,NULL,NULL),('2014-02-24',2608,2621,2585,2618,2605,663726,606002,NULL,NULL),('2014-02-25',2623,2626,2583,2587,2599,648136,576936,NULL,NULL),('2014-02-26',2593,2606,2559,2569,2581,1067688,565114,NULL,NULL),('2014-02-27',2574,2592,2569,2591,2581,519400,533840,NULL,NULL),('2014-02-28',2581,2612,2574,2591,2594,605632,505882,NULL,NULL),('2014-03-03',2601,2606,2584,2597,2594,336866,504536,NULL,NULL),('2014-03-04',2588,2595,2575,2592,2584,280254,482094,NULL,NULL),('2014-03-05',2600,2648,2592,2643,2625,652710,439012,NULL,NULL),('2014-03-06',2642,2650,2625,2631,2634,280490,407564,NULL,NULL),('2014-03-07',2635,2650,2617,2638,2633,428666,406594,NULL,NULL),('2014-03-10',2634,2643,2607,2620,2622,420060,349810,NULL,NULL),('2014-03-11',2602,2632,2595,2630,2615,237872,299662,NULL,NULL),('2014-03-12',2621,2632,2612,2622,2623,155350,286372,NULL,NULL),('2014-03-13',2615,2635,2576,2579,2600,284638,292138,NULL,NULL),('2014-03-14',2574,2578,2510,2512,2555,297816,295132,NULL,NULL),('2014-03-17',2515,2536,2488,2528,2515,309950,314598,NULL,NULL),('2014-03-18',2531,2580,2528,2558,2554,413604,285208,NULL,NULL),('2014-03-19',2571,2590,2544,2588,2565,305278,243304,NULL,NULL),('2014-03-20',2595,2629,2582,2613,2607,251322,216498,NULL,NULL),('2014-03-21',2611,2614,2587,2608,2600,162402,215792,NULL,NULL),('2014-03-24',2593,2615,2590,2606,2604,150578,201612,NULL,NULL),('2014-03-25',2609,2645,2596,2633,2630,134350,177644,NULL,NULL),('2014-03-26',2634,2648,2630,2635,2637,80414,171676,NULL,NULL),('2014-03-27',2640,2674,2636,2644,2657,121396,157080,NULL,NULL),('2014-03-28',2640,2664,2635,2659,2652,58376,155894,NULL,NULL),('2014-03-31',2650,2673,2650,2663,2662,61174,147994,NULL,NULL),('2014-04-01',2679,2722,2679,2710,2706,135476,112450,NULL,NULL),('2014-04-02',2715,2728,2702,2712,2715,61106,100310,NULL,NULL),('2014-04-03',2707,2720,2691,2694,2701,64126,89148,NULL,NULL),('2014-04-04',2695,2708,2683,2700,2697,53964,79910,NULL,NULL),('2014-04-08',2695,2713,2687,2693,2698,33360,72276,NULL,NULL),('2014-04-09',2701,2721,2701,2709,2712,37628,58326,NULL,NULL),('2014-04-10',2717,2733,2710,2727,2725,40640,50852,NULL,NULL),('2014-04-11',2725,2739,2715,2736,2727,32354,32382,NULL,NULL),('2014-04-14',2740,2775,2721,2761,2756,20762,24392,NULL,NULL),('2014-04-15',2770,2812,2763,2802,2797,17676,21570,NULL,NULL),('2014-04-16',2804,2822,2794,2809,2806,7542,18518,NULL,NULL),('2014-04-17',2814,2825,2786,2799,2801,7398,16574,NULL,NULL),('2014-04-18',2791,2832,2788,2828,2816,5388,14652,NULL,NULL);
/*!40000 ALTER TABLE `RM405_dayk` ENABLE KEYS */;
UNLOCK TABLES;

--
-- Table structure for table `RM409_dayk`
--

DROP TABLE IF EXISTS `RM409_dayk`;
/*!40101 SET @saved_cs_client     = @@character_set_client */;
/*!40101 SET character_set_client = utf8 */;
CREATE TABLE `RM409_dayk` (
  `Time` date NOT NULL,
  `Open` float NOT NULL,
  `Highest` float NOT NULL,
  `Lowest` float NOT NULL,
  `Close` float NOT NULL,
  `Avg` float NOT NULL,
  `SellVol` int(11) DEFAULT NULL,
  `BuyVol` int(11) DEFAULT NULL,
  `Tr` float DEFAULT NULL,
  `Atr` float DEFAULT NULL,
  PRIMARY KEY (`Time`)
) ENGINE=MyISAM DEFAULT CHARSET=latin1;
/*!40101 SET character_set_client = @saved_cs_client */;

--
-- Dumping data for table `RM409_dayk`
--

LOCK TABLES `RM409_dayk` WRITE;
/*!40000 ALTER TABLE `RM409_dayk` DISABLE KEYS */;
INSERT INTO `RM409_dayk` VALUES ('2013-09-16',2456,2456,2375,2378,2397,15166,9368,NULL,NULL),('2013-09-17',2365,2390,2365,2388,2381,12398,12876,NULL,NULL),('2013-09-18',2386,2397,2379,2393,2389,23258,28010,NULL,NULL),('2013-09-23',2365,2382,2361,2366,2371,20976,37954,NULL,NULL),('2013-09-24',2365,2379,2360,2376,2370,26996,48492,NULL,NULL),('2013-09-25',2378,2379,2367,2376,2373,29234,54592,NULL,NULL),('2013-09-26',2378,2415,2376,2385,2396,47686,61656,NULL,NULL),('2013-09-27',2389,2404,2372,2403,2390,41704,64946,NULL,NULL),('2013-09-30',2398,2409,2356,2376,2378,39132,75168,NULL,NULL),('2013-10-08',2381,2412,2380,2403,2393,57804,94794,NULL,NULL),('2013-10-09',2395,2435,2389,2434,2412,97152,112952,NULL,NULL),('2013-10-10',2438,2489,2430,2446,2464,225244,133448,NULL,NULL),('2013-10-11',2446,2450,2420,2438,2436,149060,159702,NULL,NULL),('2013-10-14',2428,2460,2426,2448,2449,161706,170400,NULL,NULL),('2013-10-15',2450,2455,2403,2423,2429,184266,170822,NULL,NULL),('2013-10-16',2423,2431,2395,2403,2414,176064,173120,NULL,NULL),('2013-10-17',2415,2417,2367,2376,2389,149014,185514,NULL,NULL),('2013-10-18',2387,2389,2371,2378,2379,80008,190640,NULL,NULL),('2013-10-21',2375,2377,2355,2373,2365,97362,172016,NULL,NULL),('2013-10-22',2375,2381,2361,2363,2372,78476,169422,NULL,NULL),('2013-10-23',2362,2380,2360,2377,2372,76260,158572,NULL,NULL),('2013-10-24',2381,2384,2364,2379,2373,64254,152868,NULL,NULL),('2013-10-25',2380,2382,2362,2363,2375,85502,153678,NULL,NULL),('2013-10-28',2358,2362,2341,2341,2352,65624,147604,NULL,NULL),('2013-10-29',2331,2367,2327,2367,2352,60508,141644,NULL,NULL),('2013-10-30',2366,2372,2353,2357,2365,50020,138458,NULL,NULL),('2013-10-31',2355,2358,2342,2351,2350,46982,139634,NULL,NULL),('2013-11-01',2343,2368,2342,2359,2356,54364,139166,NULL,NULL),('2013-11-04',2344,2388,2344,2388,2369,114422,154778,NULL,NULL),('2013-11-05',2390,2403,2371,2393,2389,142822,184946,NULL,NULL),('2013-11-06',2388,2396,2368,2387,2382,140768,210988,NULL,NULL),('2013-11-07',2387,2399,2378,2380,2388,129194,222902,NULL,NULL),('2013-11-08',2386,2388,2366,2370,2376,97448,213746,NULL,NULL),('2013-11-11',2388,2396,2371,2377,2383,87594,207612,NULL,NULL),('2013-11-12',2382,2387,2374,2387,2380,48446,197482,NULL,NULL),('2013-11-13',2391,2392,2378,2386,2383,60356,202904,NULL,NULL),('2013-11-14',2381,2385,2359,2363,2369,63724,214054,NULL,NULL),('2013-11-15',2367,2368,2354,2359,2360,57490,215470,NULL,NULL),('2013-11-18',2348,2349,2330,2337,2337,110848,211592,NULL,NULL),('2013-11-19',2339,2344,2330,2336,2337,81536,216866,NULL,NULL),('2013-11-20',2336,2345,2328,2344,2338,83968,213630,NULL,NULL),('2013-11-21',2343,2354,2334,2341,2344,98202,219614,NULL,NULL),('2013-11-22',2348,2356,2341,2353,2351,72146,210934,NULL,NULL),('2013-11-25',2370,2372,2352,2353,2362,72110,197640,NULL,NULL),('2013-11-26',2363,2364,2348,2353,2353,66926,210272,NULL,NULL),('2013-11-27',2352,2380,2352,2377,2370,188556,251690,NULL,NULL),('2013-11-28',2372,2384,2367,2378,2376,80544,236582,NULL,NULL),('2013-11-29',2376,2391,2376,2391,2384,107058,241332,NULL,NULL),('2013-12-02',2393,2406,2388,2405,2398,97678,265670,NULL,NULL),('2013-12-03',2392,2406,2387,2395,2396,82978,280306,NULL,NULL),('2013-12-04',2398,2427,2395,2426,2414,154356,285796,NULL,NULL),('2013-12-05',2428,2443,2425,2433,2435,159006,297420,NULL,NULL),('2013-12-06',2436,2439,2417,2439,2427,166346,292180,NULL,NULL),('2013-12-09',2440,2461,2432,2450,2446,193748,311452,NULL,NULL),('2013-12-10',2454,2458,2444,2445,2450,98892,303426,NULL,NULL),('2013-12-11',2445,2468,2440,2455,2453,177160,340158,NULL,NULL),('2013-12-12',2458,2468,2438,2440,2454,123210,336558,NULL,NULL),('2013-12-13',2432,2434,2411,2425,2423,97876,332430,NULL,NULL),('2013-12-16',2428,2458,2427,2456,2447,191944,342566,NULL,NULL),('2013-12-17',2464,2490,2462,2465,2478,312934,369414,NULL,NULL),('2013-12-18',2470,2476,2419,2436,2440,267034,367324,NULL,NULL),('2013-12-19',2429,2445,2423,2432,2434,171194,370646,NULL,NULL),('2013-12-20',2436,2440,2424,2436,2431,126730,367026,NULL,NULL),('2013-12-23',2437,2445,2426,2433,2436,118488,362806,NULL,NULL),('2013-12-24',2426,2426,2392,2409,2406,215156,377158,NULL,NULL),('2013-12-25',2416,2464,2403,2462,2433,358838,398536,NULL,NULL),('2013-12-26',2466,2476,2450,2465,2461,349534,419202,NULL,NULL),('2013-12-27',2453,2523,2450,2521,2491,634806,521080,NULL,NULL),('2013-12-30',2522,2535,2483,2486,2509,743180,511332,NULL,NULL),('2013-12-31',2490,2515,2479,2503,2502,505804,523034,NULL,NULL),('2014-01-02',2491,2498,2476,2497,2487,387484,559934,NULL,NULL),('2014-01-03',2487,2509,2465,2484,2486,605946,594416,NULL,NULL),('2014-01-06',2488,2496,2447,2450,2468,480982,646714,NULL,NULL),('2014-01-07',2456,2459,2404,2414,2430,611382,665648,NULL,NULL),('2014-01-08',2415,2436,2413,2432,2425,336632,650364,NULL,NULL),('2014-01-09',2425,2448,2416,2419,2432,389496,663210,NULL,NULL),('2014-01-10',2421,2428,2411,2424,2419,248104,652176,NULL,NULL),('2014-01-13',2424,2438,2416,2421,2427,278214,679398,NULL,NULL),('2014-01-14',2435,2472,2425,2471,2449,604480,707590,NULL,NULL),('2014-01-15',2477,2485,2464,2483,2475,396204,699530,NULL,NULL),('2014-01-16',2488,2501,2480,2495,2490,422172,705116,NULL,NULL),('2014-01-17',2490,2538,2482,2506,2513,866932,797388,NULL,NULL),('2014-01-20',2513,2528,2495,2519,2512,507520,823882,NULL,NULL),('2014-01-21',2521,2523,2500,2503,2508,329864,816322,NULL,NULL),('2014-01-22',2478,2491,2445,2468,2467,630764,827048,NULL,NULL),('2014-01-23',2469,2478,2458,2459,2469,335574,825902,NULL,NULL),('2014-01-24',2450,2463,2445,2454,2456,257666,816336,NULL,NULL),('2014-01-27',2466,2486,2458,2478,2471,337774,763352,NULL,NULL),('2014-01-28',2481,2482,2458,2463,2470,256708,769754,NULL,NULL),('2014-01-29',2463,2489,2456,2462,2471,353130,738550,NULL,NULL),('2014-01-30',2455,2483,2448,2482,2467,202432,725520,NULL,NULL),('2014-02-07',2520,2589,2518,2568,2563,488472,761898,NULL,NULL),('2014-02-10',2583,2587,2557,2567,2568,493336,837442,NULL,NULL),('2014-02-11',2553,2564,2547,2555,2555,401972,871454,NULL,NULL),('2014-02-12',2570,2574,2542,2544,2555,486844,899260,NULL,NULL),('2014-02-13',2532,2571,2527,2564,2557,541412,930550,NULL,NULL),('2014-02-14',2578,2580,2551,2554,2560,514872,909334,NULL,NULL),('2014-02-17',2554,2575,2531,2533,2551,692168,893026,NULL,NULL),('2014-02-18',2536,2548,2518,2526,2534,684450,875712,NULL,NULL),('2014-02-19',2545,2548,2525,2534,2536,553368,868734,NULL,NULL),('2014-02-20',2530,2564,2525,2550,2550,1129690,913662,NULL,NULL),('2014-02-21',2552,2557,2521,2524,2540,1002030,906160,NULL,NULL),('2014-02-24',2534,2548,2505,2547,2531,1106348,892278,NULL,NULL),('2014-02-25',2553,2559,2529,2534,2544,1315064,869890,NULL,NULL),('2014-02-26',2543,2572,2528,2534,2550,2340722,931118,NULL,NULL),('2014-02-27',2537,2544,2522,2536,2532,1357014,934356,NULL,NULL),('2014-02-28',2523,2540,2512,2519,2526,1328614,885152,NULL,NULL),('2014-03-03',2535,2538,2520,2532,2530,912306,851830,NULL,NULL),('2014-03-04',2522,2536,2511,2533,2523,857564,859620,NULL,NULL),('2014-03-05',2539,2570,2530,2568,2551,1588300,1014254,NULL,NULL),('2014-03-06',2570,2579,2558,2565,2567,1370314,996142,NULL,NULL),('2014-03-07',2571,2607,2560,2601,2588,2352732,1109368,NULL,NULL),('2014-03-10',2588,2610,2579,2584,2594,2272248,1004778,NULL,NULL),('2014-03-11',2564,2604,2560,2589,2586,1719086,1041600,NULL,NULL),('2014-03-12',2582,2596,2562,2572,2578,1207966,1018142,NULL,NULL),('2014-03-13',2570,2576,2531,2541,2549,1632320,1020260,NULL,NULL),('2014-03-14',2540,2544,2499,2500,2523,1406716,998306,NULL,NULL),('2014-03-17',2503,2507,2466,2483,2480,1469956,999850,NULL,NULL),('2014-03-18',2483,2503,2475,2492,2489,1127028,963476,NULL,NULL),('2014-03-19',2506,2538,2502,2532,2521,1440374,913108,NULL,NULL),('2014-03-20',2535,2564,2526,2550,2546,1487890,849454,NULL,NULL),('2014-03-21',2549,2551,2521,2536,2531,1002292,837834,NULL,NULL),('2014-03-24',2514,2555,2514,2545,2542,1130282,870926,NULL,NULL),('2014-03-25',2550,2589,2544,2573,2570,1526312,867054,NULL,NULL),('2014-03-26',2575,2586,2562,2574,2573,998732,838412,NULL,NULL),('2014-03-27',2579,2606,2574,2578,2588,1320914,811874,NULL,NULL),('2014-03-28',2579,2598,2571,2587,2585,928704,820102,NULL,NULL),('2014-03-31',2583,2594,2566,2575,2578,889520,802568,NULL,NULL),('2014-04-01',2595,2668,2593,2638,2632,2215660,733226,NULL,NULL),('2014-04-02',2645,2650,2618,2640,2631,1283446,724744,NULL,NULL),('2014-04-03',2632,2657,2626,2651,2641,1542770,756832,NULL,NULL),('2014-04-04',2656,2681,2644,2680,2662,1245852,759992,NULL,NULL),('2014-04-08',2671,2699,2666,2691,2681,1148782,754716,NULL,NULL),('2014-04-09',2702,2749,2701,2716,2726,2188912,739346,NULL,NULL),('2014-04-10',2721,2728,2699,2714,2714,1438864,763762,NULL,NULL),('2014-04-11',2706,2710,2676,2708,2694,1309270,784618,NULL,NULL),('2014-04-14',2701,2728,2692,2713,2713,1634304,805266,NULL,NULL),('2014-04-15',2723,2738,2716,2726,2726,1812812,844912,NULL,NULL),('2014-04-16',2741,2750,2722,2738,2735,1683154,772928,NULL,NULL),('2014-04-17',2744,2766,2737,2761,2754,1534118,802458,NULL,NULL),('2014-04-18',2753,2781,2742,2780,2759,1235586,807368,NULL,NULL);
/*!40000 ALTER TABLE `RM409_dayk` ENABLE KEYS */;
UNLOCK TABLES;

--
-- Table structure for table `SR405_dayk`
--

DROP TABLE IF EXISTS `SR405_dayk`;
/*!40101 SET @saved_cs_client     = @@character_set_client */;
/*!40101 SET character_set_client = utf8 */;
CREATE TABLE `SR405_dayk` (
  `Time` date NOT NULL,
  `Open` float NOT NULL,
  `Highest` float NOT NULL,
  `Lowest` float NOT NULL,
  `Close` float NOT NULL,
  `Avg` float NOT NULL,
  `SellVol` int(11) DEFAULT NULL,
  `BuyVol` int(11) DEFAULT NULL,
  `Tr` float DEFAULT NULL,
  `Atr` float DEFAULT NULL,
  PRIMARY KEY (`Time`)
) ENGINE=MyISAM DEFAULT CHARSET=latin1;
/*!40101 SET character_set_client = @saved_cs_client */;

--
-- Dumping data for table `SR405_dayk`
--

LOCK TABLES `SR405_dayk` WRITE;
/*!40000 ALTER TABLE `SR405_dayk` DISABLE KEYS */;
INSERT INTO `SR405_dayk` VALUES ('2013-05-16',5023,5059,5016,5042,5041,4630,33042,NULL,NULL),('2013-05-17',5032,5079,5022,5079,5056,6832,33190,NULL,NULL),('2013-05-20',5093,5097,5056,5064,5078,8544,33952,NULL,NULL),('2013-05-21',5070,5075,5049,5067,5061,6460,33898,NULL,NULL),('2013-05-22',5082,5092,5067,5075,5078,9646,37026,NULL,NULL),('2013-05-23',5040,5053,5018,5019,5038,9604,40312,NULL,NULL),('2013-05-24',5030,5045,5030,5031,5036,3196,39898,NULL,NULL),('2013-05-27',5032,5048,5023,5028,5035,4250,40226,NULL,NULL),('2013-05-28',5026,5054,5026,5046,5041,9928,39588,NULL,NULL),('2013-05-29',5041,5054,4947,4949,4989,32454,54854,NULL,NULL),('2013-05-30',4947,4950,4901,4944,4927,33810,67692,NULL,NULL),('2013-05-31',4947,4960,4916,4919,4932,8928,68398,NULL,NULL),('2013-06-03',4919,4970,4901,4943,4934,13016,71270,NULL,NULL),('2013-06-04',4933,4952,4921,4936,4936,8474,75004,NULL,NULL),('2013-06-05',4936,4962,4925,4948,4947,8120,74678,NULL,NULL),('2013-06-06',4935,4951,4915,4920,4930,7658,73776,NULL,NULL),('2013-06-07',4931,5011,4930,4977,4977,19222,67230,NULL,NULL),('2013-06-13',4946,4946,4901,4910,4913,22420,72730,NULL,NULL),('2013-06-14',4917,4934,4913,4924,4924,5848,71600,NULL,NULL),('2013-06-17',4984,5035,4982,5025,5008,29238,67342,NULL,NULL),('2013-06-18',5026,5034,5007,5012,5021,6900,66496,NULL,NULL),('2013-06-19',5006,5016,4984,5016,4997,7036,64944,NULL,NULL),('2013-06-20',5030,5044,4965,4979,5010,9496,64900,NULL,NULL),('2013-06-21',4926,4955,4914,4930,4927,15512,66960,NULL,NULL),('2013-06-24',4972,4976,4905,4913,4931,11752,71994,NULL,NULL),('2013-06-25',4940,4969,4918,4961,4948,10026,72984,NULL,NULL),('2013-06-26',4972,4980,4935,4944,4949,8676,74112,NULL,NULL),('2013-06-27',4951,4962,4901,4939,4931,13416,77034,NULL,NULL),('2013-06-28',4916,4932,4909,4924,4921,10692,78280,NULL,NULL),('2013-07-01',4905,4975,4905,4953,4952,5680,76890,NULL,NULL),('2013-07-02',4943,4956,4933,4952,4944,13956,82328,NULL,NULL),('2013-07-03',4949,4959,4913,4923,4926,19326,91710,NULL,NULL),('2013-07-04',4916,4916,4832,4841,4868,77296,110972,NULL,NULL),('2013-07-05',4840,4871,4838,4839,4854,36536,115790,NULL,NULL),('2013-07-08',4828,4829,4788,4796,4808,28492,120802,NULL,NULL),('2013-07-09',4805,4838,4798,4822,4820,31170,117618,NULL,NULL),('2013-07-10',4827,4838,4803,4820,4818,22602,120260,NULL,NULL),('2013-07-11',4826,4867,4815,4839,4842,32964,122642,NULL,NULL),('2013-07-12',4820,4827,4798,4805,4809,19360,126774,NULL,NULL),('2013-07-15',4798,4835,4792,4810,4815,29050,126748,NULL,NULL),('2013-07-16',4820,4820,4752,4766,4771,66054,144786,NULL,NULL),('2013-07-17',4748,4786,4745,4774,4769,35184,139482,NULL,NULL),('2013-07-18',4773,4796,4770,4793,4780,13006,138160,NULL,NULL),('2013-07-19',4800,4806,4783,4787,4795,15184,139290,NULL,NULL),('2013-07-22',4800,4843,4775,4842,4814,35000,134938,NULL,NULL),('2013-07-23',4848,4850,4823,4826,4832,14636,138514,NULL,NULL),('2013-07-24',4817,4825,4805,4815,4813,26740,145830,NULL,NULL),('2013-07-25',4790,4819,4782,4819,4799,24208,147214,NULL,NULL),('2013-07-26',4832,4835,4795,4798,4815,23388,148722,NULL,NULL),('2013-07-29',4797,4815,4762,4801,4791,38576,156766,NULL,NULL),('2013-07-30',4840,4865,4833,4846,4851,36958,153466,NULL,NULL),('2013-07-31',4841,4861,4820,4829,4842,34054,153886,NULL,NULL),('2013-08-01',4839,4869,4836,4868,4858,35614,150762,NULL,NULL),('2013-08-02',4855,4864,4838,4855,4852,24590,150538,NULL,NULL),('2013-08-05',4855,4892,4855,4880,4880,34190,146030,NULL,NULL),('2013-08-06',4861,4873,4856,4866,4863,17122,148536,NULL,NULL),('2013-08-07',4857,4862,4838,4842,4847,19456,151418,NULL,NULL),('2013-08-08',4859,4889,4858,4876,4877,30996,148192,NULL,NULL),('2013-08-09',4885,4886,4871,4882,4880,26470,149372,NULL,NULL),('2013-08-12',4905,4957,4900,4953,4929,49858,145066,NULL,NULL),('2013-08-13',4964,4977,4948,4967,4965,40326,153506,NULL,NULL),('2013-08-14',4967,4976,4932,4935,4952,31742,160188,NULL,NULL),('2013-08-15',4943,4980,4940,4970,4960,32570,160238,NULL,NULL),('2013-08-16',4975,5015,4974,5004,5001,64796,159464,NULL,NULL),('2013-08-19',4990,4990,4954,4958,4968,38556,164504,NULL,NULL),('2013-08-20',4927,4950,4913,4948,4936,38142,161944,NULL,NULL),('2013-08-21',4935,4968,4922,4929,4945,34422,167400,NULL,NULL),('2013-08-22',4903,4926,4882,4883,4905,43338,179610,NULL,NULL),('2013-08-23',4885,4893,4859,4860,4875,29100,186380,NULL,NULL),('2013-08-26',4890,4967,4890,4967,4944,101328,195796,NULL,NULL),('2013-08-27',4970,4976,4943,4953,4958,51092,193564,NULL,NULL),('2013-08-28',4943,4998,4940,4955,4975,89976,199876,NULL,NULL),('2013-08-29',4969,4993,4918,4967,4969,90264,209778,NULL,NULL),('2013-08-30',4950,4965,4914,4921,4936,56492,209808,NULL,NULL),('2013-09-02',4930,4942,4918,4918,4930,44516,216736,NULL,NULL),('2013-09-03',4919,4972,4915,4962,4955,83072,225330,NULL,NULL),('2013-09-04',4968,4968,4935,4961,4952,58828,221834,NULL,NULL),('2013-09-05',4938,4978,4930,4950,4955,76668,219790,NULL,NULL),('2013-09-06',4967,5041,4965,5036,5006,169806,233706,NULL,NULL),('2013-09-09',5030,5061,5027,5054,5048,100954,238572,NULL,NULL),('2013-09-10',5064,5068,5020,5052,5051,91126,242278,NULL,NULL),('2013-09-11',5073,5116,5051,5056,5079,145918,245322,NULL,NULL),('2013-09-12',5058,5067,5028,5037,5050,95456,250442,NULL,NULL),('2013-09-13',5054,5054,5020,5040,5039,60524,247684,NULL,NULL),('2013-09-16',5029,5080,4981,4986,5029,150710,239362,NULL,NULL),('2013-09-17',4986,4999,4969,4977,4982,54368,233484,NULL,NULL),('2013-09-18',4966,4987,4950,4951,4961,65818,226796,NULL,NULL),('2013-09-23',4995,4995,4964,4965,4974,57636,231254,NULL,NULL),('2013-09-24',4985,5009,4979,4987,4993,62658,229228,NULL,NULL),('2013-09-25',5005,5030,5005,5020,5018,52038,227700,NULL,NULL),('2013-09-26',5050,5065,5035,5038,5047,59764,227050,NULL,NULL),('2013-09-27',5042,5043,5001,5017,5021,54464,213516,NULL,NULL),('2013-09-30',4978,5030,4972,4997,4990,34608,205750,NULL,NULL),('2013-10-08',5077,5083,5050,5062,5066,44244,203946,NULL,NULL),('2013-10-09',5070,5070,5028,5048,5054,46082,216950,NULL,NULL),('2013-10-10',5046,5132,5044,5129,5087,116142,220748,NULL,NULL),('2013-10-11',5132,5161,5125,5153,5146,90268,228826,NULL,NULL),('2013-10-14',5162,5200,5145,5178,5176,193350,237328,NULL,NULL),('2013-10-15',5196,5237,5196,5219,5219,150606,247464,NULL,NULL),('2013-10-16',5188,5198,5177,5181,5185,88116,243328,NULL,NULL),('2013-10-17',5219,5230,5172,5190,5205,101046,239562,NULL,NULL),('2013-10-18',5203,5205,5148,5172,5163,98068,232264,NULL,NULL),('2013-10-21',5228,5268,5202,5257,5232,209844,261958,NULL,NULL),('2013-10-22',5252,5256,5216,5218,5234,122842,257828,NULL,NULL),('2013-10-23',5215,5235,5181,5182,5202,135606,247054,NULL,NULL),('2013-10-24',5179,5216,5171,5192,5196,130816,242240,NULL,NULL),('2013-10-25',5171,5175,5135,5147,5155,123266,237116,NULL,NULL),('2013-10-28',5151,5190,5142,5142,5158,105088,235306,NULL,NULL),('2013-10-29',5130,5148,5125,5141,5138,81300,234592,NULL,NULL),('2013-10-30',5108,5153,5104,5133,5134,120488,224640,NULL,NULL),('2013-10-31',5126,5166,5116,5153,5145,192156,244750,NULL,NULL),('2013-11-01',5160,5172,5121,5165,5148,265544,260502,NULL,NULL),('2013-11-04',5148,5170,5145,5159,5158,147614,268434,NULL,NULL),('2013-11-05',5170,5205,5161,5195,5186,344996,306016,NULL,NULL),('2013-11-06',5186,5192,5171,5187,5182,187708,307850,NULL,NULL),('2013-11-07',5175,5180,5156,5169,5166,154404,292552,NULL,NULL),('2013-11-08',5169,5175,5154,5158,5164,142636,277170,NULL,NULL),('2013-11-11',5165,5166,5133,5142,5148,176540,281338,NULL,NULL),('2013-11-12',5145,5152,5117,5127,5133,188544,281912,NULL,NULL),('2013-11-13',5120,5146,5106,5139,5127,241760,295232,NULL,NULL),('2013-11-14',5135,5152,5127,5149,5140,213798,314904,NULL,NULL),('2013-11-15',5136,5142,5067,5072,5104,419246,340652,NULL,NULL),('2013-11-18',5082,5083,5034,5035,5054,316758,379286,NULL,NULL),('2013-11-19',5044,5055,5036,5045,5045,244268,383608,NULL,NULL),('2013-11-20',5040,5063,5016,5052,5045,324934,373652,NULL,NULL),('2013-11-21',5049,5060,5035,5036,5048,210140,375504,NULL,NULL),('2013-11-22',5030,5040,5006,5008,5020,374286,404088,NULL,NULL),('2013-11-25',5000,5008,4984,4993,4995,302680,412698,NULL,NULL),('2013-11-26',4984,5004,4981,4989,4992,198952,410586,NULL,NULL),('2013-11-27',4994,5022,4991,5013,5011,295470,416008,NULL,NULL),('2013-11-28',5001,5032,4995,5024,5013,362002,413810,NULL,NULL),('2013-11-29',5021,5037,5009,5012,5022,241674,420518,NULL,NULL),('2013-12-02',5010,5010,4965,4968,4977,349986,460924,NULL,NULL),('2013-12-03',4959,4972,4953,4959,4962,201926,462828,NULL,NULL),('2013-12-04',4950,4970,4944,4962,4958,284966,487608,NULL,NULL),('2013-12-05',4955,4965,4948,4958,4957,271944,495274,NULL,NULL),('2013-12-06',4968,4976,4948,4954,4959,278258,506950,NULL,NULL),('2013-12-09',4940,4943,4907,4910,4921,403976,549378,NULL,NULL),('2013-12-10',4905,4914,4891,4894,4900,320944,566128,NULL,NULL),('2013-12-11',4906,4916,4903,4906,4910,217218,555486,NULL,NULL),('2013-12-12',4893,4893,4871,4879,4880,293074,592690,NULL,NULL),('2013-12-13',4851,4877,4848,4873,4864,337942,600308,NULL,NULL),('2013-12-16',4880,4898,4874,4875,4885,310436,608308,NULL,NULL),('2013-12-17',4883,4885,4863,4872,4874,264886,619824,NULL,NULL),('2013-12-18',4838,4876,4822,4875,4844,445558,615974,NULL,NULL),('2013-12-19',4865,4889,4862,4873,4876,410450,614640,NULL,NULL),('2013-12-20',4900,4915,4887,4893,4902,471220,598488,NULL,NULL),('2013-12-23',4905,4912,4872,4879,4890,304744,597174,NULL,NULL),('2013-12-24',4861,4875,4852,4864,4863,249882,568674,NULL,NULL),('2013-12-25',4861,4871,4836,4847,4852,234794,571628,NULL,NULL),('2013-12-26',4847,4894,4841,4882,4874,495156,611172,NULL,NULL),('2013-12-27',4887,4895,4852,4857,4870,375744,585574,NULL,NULL),('2013-12-30',4860,4870,4826,4830,4845,338640,598936,NULL,NULL),('2013-12-31',4819,4824,4781,4788,4798,392654,616932,NULL,NULL),('2014-01-02',4787,4802,4782,4789,4791,161882,611476,NULL,NULL),('2014-01-03',4790,4790,4753,4762,4766,220156,606614,NULL,NULL),('2014-01-06',4738,4738,4646,4653,4673,625638,677236,NULL,NULL),('2014-01-07',4660,4675,4615,4617,4641,391736,670686,NULL,NULL),('2014-01-08',4617,4617,4555,4564,4578,441906,678284,NULL,NULL),('2014-01-09',4520,4558,4498,4547,4533,597518,676388,NULL,NULL),('2014-01-10',4525,4559,4520,4554,4539,386596,689138,NULL,NULL),('2014-01-13',4565,4570,4534,4559,4553,268892,706076,NULL,NULL),('2014-01-14',4566,4611,4560,4578,4585,458860,711078,NULL,NULL),('2014-01-15',4565,4573,4538,4542,4555,334648,715068,NULL,NULL),('2014-01-16',4521,4521,4463,4472,4488,540160,746368,NULL,NULL),('2014-01-17',4498,4519,4480,4484,4497,379468,727138,NULL,NULL),('2014-01-20',4460,4526,4450,4521,4491,539918,717706,NULL,NULL),('2014-01-21',4517,4524,4471,4472,4490,320500,740032,NULL,NULL),('2014-01-22',4468,4504,4466,4486,4488,305904,733876,NULL,NULL),('2014-01-23',4464,4478,4457,4467,4468,252222,735598,NULL,NULL),('2014-01-24',4470,4490,4469,4479,4479,246196,739872,NULL,NULL),('2014-01-27',4483,4493,4460,4473,4472,247460,717826,NULL,NULL),('2014-01-28',4441,4450,4355,4375,4403,636860,689440,NULL,NULL),('2014-01-29',4420,4425,4400,4413,4414,272072,628606,NULL,NULL),('2014-01-30',4386,4398,4373,4386,4383,182544,584624,NULL,NULL),('2014-02-07',4499,4508,4464,4484,4483,268558,559338,NULL,NULL),('2014-02-10',4461,4555,4460,4531,4512,537028,610264,NULL,NULL),('2014-02-11',4516,4526,4502,4516,4513,229340,607042,NULL,NULL),('2014-02-12',4498,4534,4492,4514,4514,279750,600320,NULL,NULL),('2014-02-13',4549,4579,4537,4568,4563,410496,578258,NULL,NULL),('2014-02-14',4563,4592,4555,4563,4570,312872,564428,NULL,NULL),('2014-02-17',4553,4577,4506,4511,4535,403892,578162,NULL,NULL),('2014-02-18',4520,4549,4507,4531,4530,353948,572678,NULL,NULL),('2014-02-19',4594,4608,4538,4545,4573,386056,515770,NULL,NULL),('2014-02-20',4563,4585,4558,4568,4571,281616,490656,NULL,NULL),('2014-02-21',4564,4639,4561,4632,4612,541992,434704,NULL,NULL),('2014-02-24',4650,4666,4620,4649,4639,258976,394518,NULL,NULL),('2014-02-25',4681,4719,4673,4693,4693,262332,382546,NULL,NULL),('2014-02-26',4670,4677,4601,4634,4627,243622,334618,NULL,NULL),('2014-02-27',4644,4650,4607,4625,4629,104958,320252,NULL,NULL),('2014-02-28',4655,4670,4602,4614,4637,136086,302544,NULL,NULL),('2014-03-03',4594,4646,4586,4635,4622,106358,294368,NULL,NULL),('2014-03-04',4637,4644,4619,4636,4633,50526,286290,NULL,NULL),('2014-03-05',4639,4660,4623,4641,4638,63256,275660,NULL,NULL),('2014-03-06',4662,4767,4658,4764,4720,184930,254170,NULL,NULL),('2014-03-07',4757,4814,4754,4799,4786,141840,226810,NULL,NULL),('2014-03-10',4768,4768,4711,4746,4734,87188,193884,NULL,NULL),('2014-03-11',4760,4825,4760,4817,4800,104292,165236,NULL,NULL),('2014-03-12',4791,4809,4755,4790,4787,48218,157884,NULL,NULL),('2014-03-13',4758,4769,4741,4760,4754,34036,155016,NULL,NULL),('2014-03-14',4775,4785,4675,4699,4728,57394,137300,NULL,NULL),('2014-03-17',4667,4667,4624,4632,4638,44396,123702,NULL,NULL),('2014-03-18',4628,4658,4603,4622,4633,36402,122654,NULL,NULL),('2014-03-19',4633,4654,4620,4652,4638,24686,120936,NULL,NULL),('2014-03-20',4655,4677,4612,4622,4642,30002,110080,NULL,NULL),('2014-03-21',4600,4642,4600,4619,4620,20948,108846,NULL,NULL),('2014-03-24',4598,4599,4547,4559,4566,24270,105226,NULL,NULL),('2014-03-25',4565,4584,4556,4564,4569,14980,104916,NULL,NULL),('2014-03-26',4577,4588,4556,4562,4574,11476,103348,NULL,NULL),('2014-03-27',4610,4757,4602,4746,4700,49026,91658,NULL,NULL),('2014-03-28',4766,4815,4758,4815,4791,45346,77448,NULL,NULL),('2014-03-31',4800,4805,4760,4773,4782,21202,68838,NULL,NULL),('2014-04-01',4760,4866,4754,4825,4799,25130,74852,NULL,NULL),('2014-04-02',4768,4768,4681,4698,4711,18976,65848,NULL,NULL),('2014-04-03',4700,4725,4690,4724,4713,4056,65864,NULL,NULL),('2014-04-04',4743,4745,4704,4716,4718,9300,62118,NULL,NULL),('2014-04-08',4683,4710,4656,4690,4674,10746,56842,NULL,NULL),('2014-04-09',4712,4758,4696,4734,4727,17010,52194,NULL,NULL),('2014-04-10',4720,4755,4709,4717,4726,7202,51470,NULL,NULL),('2014-04-11',4730,4730,4679,4713,4707,6420,48368,NULL,NULL),('2014-04-14',4699,4766,4683,4760,4734,9540,45084,NULL,NULL),('2014-04-15',4729,4736,4713,4719,4723,7264,41544,NULL,NULL),('2014-04-16',4724,4756,4722,4726,4741,10630,38218,NULL,NULL),('2014-04-17',4742,4752,4691,4711,4712,4554,36862,NULL,NULL),('2014-04-18',4690,4741,4663,4733,4703,8166,34218,NULL,NULL);
/*!40000 ALTER TABLE `SR405_dayk` ENABLE KEYS */;
UNLOCK TABLES;

--
-- Table structure for table `SR409_dayk`
--

DROP TABLE IF EXISTS `SR409_dayk`;
/*!40101 SET @saved_cs_client     = @@character_set_client */;
/*!40101 SET character_set_client = utf8 */;
CREATE TABLE `SR409_dayk` (
  `Time` date NOT NULL,
  `Open` float NOT NULL,
  `Highest` float NOT NULL,
  `Lowest` float NOT NULL,
  `Close` float NOT NULL,
  `Avg` float NOT NULL,
  `SellVol` int(11) DEFAULT NULL,
  `BuyVol` int(11) DEFAULT NULL,
  `Tr` float DEFAULT NULL,
  `Atr` float DEFAULT NULL,
  PRIMARY KEY (`Time`)
) ENGINE=MyISAM DEFAULT CHARSET=latin1;
/*!40101 SET character_set_client = @saved_cs_client */;

--
-- Dumping data for table `SR409_dayk`
--

LOCK TABLES `SR409_dayk` WRITE;
/*!40000 ALTER TABLE `SR409_dayk` DISABLE KEYS */;
INSERT INTO `SR409_dayk` VALUES ('2013-09-16',5060,5106,5011,5012,5061,9506,59364,NULL,NULL),('2013-09-17',5023,5030,5000,5011,5013,6140,58932,NULL,NULL),('2013-09-18',5000,5018,4986,4987,4994,4034,59362,NULL,NULL),('2013-09-23',5042,5042,5006,5006,5014,9308,61214,NULL,NULL),('2013-09-24',5023,5046,5020,5027,5031,2832,61894,NULL,NULL),('2013-09-25',5043,5065,5043,5062,5057,4442,62098,NULL,NULL),('2013-09-26',5085,5105,5077,5080,5092,4876,61532,NULL,NULL),('2013-09-27',5076,5078,5048,5069,5066,6596,59386,NULL,NULL),('2013-09-30',5016,5068,5016,5035,5030,3630,57826,NULL,NULL),('2013-10-08',5099,5123,5089,5102,5103,4866,58042,NULL,NULL),('2013-10-09',5112,5112,5070,5086,5095,7660,60240,NULL,NULL),('2013-10-10',5086,5159,5084,5159,5121,7284,59830,NULL,NULL),('2013-10-11',5162,5192,5153,5185,5175,11290,61580,NULL,NULL),('2013-10-14',5193,5246,5178,5233,5222,27406,68262,NULL,NULL),('2013-10-15',5259,5294,5255,5271,5275,20918,69586,NULL,NULL),('2013-10-16',5240,5250,5230,5236,5239,8284,69104,NULL,NULL),('2013-10-17',5270,5282,5232,5249,5266,11116,70700,NULL,NULL),('2013-10-18',5251,5261,5214,5239,5227,8996,70784,NULL,NULL),('2013-10-21',5290,5324,5267,5311,5297,32570,73240,NULL,NULL),('2013-10-22',5297,5309,5270,5272,5287,14046,73762,NULL,NULL),('2013-10-23',5277,5285,5236,5236,5252,14496,72558,NULL,NULL),('2013-10-24',5235,5257,5228,5235,5239,13432,75266,NULL,NULL),('2013-10-25',5213,5221,5182,5206,5204,14784,76992,NULL,NULL),('2013-10-28',5215,5245,5201,5209,5220,7894,76778,NULL,NULL),('2013-10-29',5191,5220,5191,5215,5209,7150,79588,NULL,NULL),('2013-10-30',5186,5220,5179,5206,5204,11590,80596,NULL,NULL),('2013-10-31',5200,5234,5191,5220,5215,16832,79794,NULL,NULL),('2013-11-01',5219,5245,5195,5235,5224,25426,78168,NULL,NULL),('2013-11-04',5221,5233,5207,5217,5221,9808,77762,NULL,NULL),('2013-11-05',5226,5269,5221,5260,5249,15448,79242,NULL,NULL),('2013-11-06',5250,5254,5237,5252,5246,10494,81754,NULL,NULL),('2013-11-07',5236,5244,5220,5230,5229,8924,80498,NULL,NULL),('2013-11-08',5230,5237,5216,5217,5224,7506,80606,NULL,NULL),('2013-11-11',5230,5230,5190,5194,5203,20512,88514,NULL,NULL),('2013-11-12',5201,5204,5169,5176,5184,18698,92182,NULL,NULL),('2013-11-13',5168,5196,5158,5190,5179,8924,91084,NULL,NULL),('2013-11-14',5182,5202,5180,5198,5192,11706,92306,NULL,NULL),('2013-11-15',5184,5189,5125,5128,5160,23450,95894,NULL,NULL),('2013-11-18',5140,5140,5100,5100,5111,20220,99196,NULL,NULL),('2013-11-19',5111,5118,5101,5113,5109,10670,100184,NULL,NULL),('2013-11-20',5108,5129,5088,5120,5113,10654,100636,NULL,NULL),('2013-11-21',5115,5130,5109,5110,5119,13936,100986,NULL,NULL),('2013-11-22',5100,5123,5091,5093,5107,31988,110320,NULL,NULL),('2013-11-25',5094,5094,5068,5074,5078,22292,115852,NULL,NULL),('2013-11-26',5065,5080,5057,5062,5067,14526,117568,NULL,NULL),('2013-11-27',5067,5088,5065,5081,5080,19330,116796,NULL,NULL),('2013-11-28',5075,5095,5060,5090,5076,15226,118450,NULL,NULL),('2013-11-29',5089,5102,5073,5076,5089,9328,118884,NULL,NULL),('2013-12-02',5072,5074,5033,5033,5044,16144,120420,NULL,NULL),('2013-12-03',5017,5037,5016,5022,5026,14514,123800,NULL,NULL),('2013-12-04',5010,5030,5006,5020,5020,19302,129320,NULL,NULL),('2013-12-05',5006,5029,5006,5023,5021,16320,133854,NULL,NULL),('2013-12-06',5034,5037,5016,5020,5025,17890,139152,NULL,NULL),('2013-12-09',5018,5018,4971,4973,4990,32500,144350,NULL,NULL),('2013-12-10',4970,4980,4950,4951,4961,24444,145656,NULL,NULL),('2013-12-11',4961,4974,4960,4961,4967,15172,145572,NULL,NULL),('2013-12-12',4950,4951,4931,4937,4939,14842,147748,NULL,NULL),('2013-12-13',4920,4936,4909,4930,4924,19960,150488,NULL,NULL),('2013-12-16',4935,4963,4930,4939,4952,32308,148594,NULL,NULL),('2013-12-17',4940,4948,4930,4936,4939,15514,150188,NULL,NULL),('2013-12-18',4903,4931,4885,4931,4902,34676,156106,NULL,NULL),('2013-12-19',4925,4947,4919,4925,4931,38740,163516,NULL,NULL),('2013-12-20',4949,4970,4945,4955,4958,50012,157838,NULL,NULL),('2013-12-23',4974,4974,4937,4941,4954,33794,160554,NULL,NULL),('2013-12-24',4921,4934,4914,4924,4923,27566,162068,NULL,NULL),('2013-12-25',4930,4931,4893,4903,4913,34502,164354,NULL,NULL),('2013-12-26',4902,4938,4897,4933,4923,47624,170190,NULL,NULL),('2013-12-27',4940,4941,4898,4900,4913,33790,166772,NULL,NULL),('2013-12-30',4909,4910,4850,4852,4867,66332,175768,NULL,NULL),('2013-12-31',4840,4845,4812,4828,4823,63790,181048,NULL,NULL),('2014-01-02',4831,4845,4829,4839,4837,27714,182776,NULL,NULL),('2014-01-03',4830,4835,4806,4817,4816,32926,187102,NULL,NULL),('2014-01-06',4796,4796,4694,4703,4723,89128,198354,NULL,NULL),('2014-01-07',4703,4724,4658,4660,4691,61272,205890,NULL,NULL),('2014-01-08',4661,4661,4603,4607,4623,69310,215470,NULL,NULL),('2014-01-09',4571,4604,4547,4590,4583,99050,235940,NULL,NULL),('2014-01-10',4570,4588,4553,4579,4570,74042,244140,NULL,NULL),('2014-01-13',4591,4594,4569,4579,4577,53604,255838,NULL,NULL),('2014-01-14',4588,4630,4581,4601,4605,67166,259812,NULL,NULL),('2014-01-15',4585,4598,4564,4570,4580,65344,278662,NULL,NULL),('2014-01-16',4548,4548,4486,4491,4512,91366,299844,NULL,NULL),('2014-01-17',4522,4539,4502,4507,4519,77180,304266,NULL,NULL),('2014-01-20',4483,4540,4466,4538,4502,138264,321120,NULL,NULL),('2014-01-21',4535,4535,4484,4486,4509,79848,331638,NULL,NULL),('2014-01-22',4480,4525,4478,4512,4509,74912,326542,NULL,NULL),('2014-01-23',4488,4508,4482,4485,4496,62906,326580,NULL,NULL),('2014-01-24',4491,4512,4491,4497,4501,41216,329708,NULL,NULL),('2014-01-27',4491,4510,4480,4485,4491,55526,326518,NULL,NULL),('2014-01-28',4456,4463,4381,4395,4426,123172,326818,NULL,NULL),('2014-01-29',4430,4446,4417,4438,4431,75888,320736,NULL,NULL),('2014-01-30',4404,4415,4386,4395,4398,62120,327932,NULL,NULL),('2014-02-07',4515,4520,4489,4511,4506,118546,325716,NULL,NULL),('2014-02-10',4502,4580,4491,4568,4535,220876,381194,NULL,NULL),('2014-02-11',4545,4557,4533,4550,4545,103490,386246,NULL,NULL),('2014-02-12',4528,4574,4525,4560,4556,127584,391068,NULL,NULL),('2014-02-13',4591,4647,4587,4630,4620,251950,412482,NULL,NULL),('2014-02-14',4621,4660,4606,4614,4629,239454,419116,NULL,NULL),('2014-02-17',4607,4633,4566,4572,4595,256690,420960,NULL,NULL),('2014-02-18',4576,4618,4566,4601,4599,244646,443706,NULL,NULL),('2014-02-19',4679,4680,4622,4627,4654,301842,449928,NULL,NULL),('2014-02-20',4654,4673,4645,4656,4658,317078,460350,NULL,NULL),('2014-02-21',4650,4743,4650,4728,4716,698722,507824,NULL,NULL),('2014-02-24',4752,4762,4706,4740,4730,461184,495752,NULL,NULL),('2014-02-25',4780,4805,4766,4771,4783,638588,527114,NULL,NULL),('2014-02-26',4750,4753,4664,4714,4698,729228,532578,NULL,NULL),('2014-02-27',4731,4737,4691,4705,4714,430462,540314,NULL,NULL),('2014-02-28',4736,4749,4672,4680,4711,685448,563034,NULL,NULL),('2014-03-03',4651,4731,4648,4718,4702,751700,579046,NULL,NULL),('2014-03-04',4727,4727,4696,4713,4712,411596,552296,NULL,NULL),('2014-03-05',4715,4740,4692,4710,4710,480024,542844,NULL,NULL),('2014-03-06',4739,4848,4738,4845,4803,1256358,653438,NULL,NULL),('2014-03-07',4843,4902,4830,4889,4870,1100608,619600,NULL,NULL),('2014-03-10',4838,4845,4787,4823,4818,790714,626452,NULL,NULL),('2014-03-11',4853,4916,4847,4906,4888,958278,620052,NULL,NULL),('2014-03-12',4868,4898,4839,4877,4872,668286,628548,NULL,NULL),('2014-03-13',4838,4857,4822,4848,4840,384886,625750,NULL,NULL),('2014-03-14',4865,4875,4759,4788,4818,701622,609608,NULL,NULL),('2014-03-17',4745,4750,4704,4708,4722,560206,615234,NULL,NULL),('2014-03-18',4700,4741,4682,4696,4715,597956,630294,NULL,NULL),('2014-03-19',4713,4738,4693,4734,4714,477222,630932,NULL,NULL),('2014-03-20',4755,4759,4674,4682,4719,645232,583524,NULL,NULL),('2014-03-21',4669,4710,4658,4683,4687,548368,559856,NULL,NULL),('2014-03-24',4655,4667,4598,4615,4622,637512,590580,NULL,NULL),('2014-03-25',4616,4641,4608,4618,4623,533900,570100,NULL,NULL),('2014-03-26',4632,4651,4607,4614,4632,557260,589108,NULL,NULL),('2014-03-27',4659,4818,4655,4818,4752,1577278,615630,NULL,NULL),('2014-03-28',4848,4899,4837,4899,4870,1445868,676458,NULL,NULL),('2014-03-31',4883,4890,4835,4849,4865,809330,672422,NULL,NULL),('2014-04-01',4838,4962,4832,4916,4888,1369028,718888,NULL,NULL),('2014-04-02',4825,4830,4747,4769,4783,1174150,621498,NULL,NULL),('2014-04-03',4763,4800,4763,4798,4783,517874,612614,NULL,NULL),('2014-04-04',4823,4823,4779,4789,4798,559172,609476,NULL,NULL),('2014-04-08',4750,4786,4725,4765,4747,554458,592806,NULL,NULL),('2014-04-09',4796,4847,4774,4825,4816,968782,625104,NULL,NULL),('2014-04-10',4810,4845,4790,4797,4815,700592,600768,NULL,NULL),('2014-04-11',4810,4813,4752,4792,4785,411170,586342,NULL,NULL),('2014-04-14',4766,4861,4758,4848,4825,720814,630842,NULL,NULL),('2014-04-15',4804,4839,4797,4828,4815,593042,621942,NULL,NULL),('2014-04-16',4832,4895,4832,4862,4870,932920,718506,NULL,NULL),('2014-04-17',4885,4890,4821,4847,4854,593152,694930,NULL,NULL),('2014-04-18',4806,4886,4793,4877,4846,651618,758834,NULL,NULL);
/*!40000 ALTER TABLE `SR409_dayk` ENABLE KEYS */;
UNLOCK TABLES;

--
-- Table structure for table `TA405_dayk`
--

DROP TABLE IF EXISTS `TA405_dayk`;
/*!40101 SET @saved_cs_client     = @@character_set_client */;
/*!40101 SET character_set_client = utf8 */;
CREATE TABLE `TA405_dayk` (
  `Time` date NOT NULL,
  `Open` float NOT NULL,
  `Highest` float NOT NULL,
  `Lowest` float NOT NULL,
  `Close` float NOT NULL,
  `Avg` float NOT NULL,
  `SellVol` int(11) DEFAULT NULL,
  `BuyVol` int(11) DEFAULT NULL,
  `Tr` float DEFAULT NULL,
  `Atr` float DEFAULT NULL,
  PRIMARY KEY (`Time`)
) ENGINE=MyISAM DEFAULT CHARSET=latin1;
/*!40101 SET character_set_client = @saved_cs_client */;

--
-- Dumping data for table `TA405_dayk`
--

LOCK TABLES `TA405_dayk` WRITE;
/*!40000 ALTER TABLE `TA405_dayk` DISABLE KEYS */;
INSERT INTO `TA405_dayk` VALUES ('2013-05-16',7620,7624,7620,7620,7622,12,12,NULL,NULL),('2013-05-17',7634,7704,7622,7696,7646,144,96,NULL,NULL),('2013-05-20',7680,7722,7680,7684,7700,92,128,NULL,NULL),('2013-05-21',7700,7758,7696,7758,7716,82,132,NULL,NULL),('2013-05-22',7764,7778,7760,7762,7768,90,146,NULL,NULL),('2013-05-23',7684,7702,7648,7648,7676,76,184,NULL,NULL),('2013-05-24',7704,7718,7694,7710,7710,34,184,NULL,NULL),('2013-05-27',7666,7670,7620,7650,7652,298,392,NULL,NULL),('2013-05-28',7662,7670,7592,7608,7626,262,606,NULL,NULL),('2013-05-29',7632,7668,7608,7614,7648,310,708,NULL,NULL),('2013-05-30',7582,7602,7542,7576,7578,578,1102,NULL,NULL),('2013-05-31',7598,7608,7572,7584,7590,62,1084,NULL,NULL),('2013-06-03',7552,7658,7552,7634,7618,166,1078,NULL,NULL),('2013-06-04',7666,7698,7628,7642,7652,558,800,NULL,NULL),('2013-06-05',7650,7728,7650,7724,7684,268,680,NULL,NULL),('2013-06-06',7680,7704,7620,7622,7660,164,756,NULL,NULL),('2013-06-07',7644,7652,7602,7642,7626,332,912,NULL,NULL),('2013-06-13',7582,7630,7504,7520,7552,820,1518,NULL,NULL),('2013-06-14',7564,7596,7544,7590,7572,318,1342,NULL,NULL),('2013-06-17',7620,7666,7606,7640,7640,440,1340,NULL,NULL),('2013-06-18',7652,7680,7638,7664,7662,548,1026,NULL,NULL),('2013-06-19',7670,7690,7648,7690,7660,438,1026,NULL,NULL),('2013-06-20',7650,7650,7546,7566,7592,1164,1922,NULL,NULL),('2013-06-21',7524,7590,7402,7510,7492,1444,2232,NULL,NULL),('2013-06-24',7500,7508,7404,7404,7450,1612,3584,NULL,NULL),('2013-06-25',7418,7456,7342,7416,7404,2594,4522,NULL,NULL),('2013-06-26',7442,7452,7304,7304,7374,2254,5816,NULL,NULL),('2013-06-27',7330,7390,7300,7364,7344,1256,5980,NULL,NULL),('2013-06-28',7362,7400,7314,7360,7366,1276,6532,NULL,NULL),('2013-07-01',7350,7484,7350,7438,7430,1468,5998,NULL,NULL),('2013-07-02',7460,7492,7442,7470,7478,1504,4918,NULL,NULL),('2013-07-03',7510,7530,7466,7490,7484,4852,7494,NULL,NULL),('2013-07-04',7498,7512,7474,7488,7488,1224,7844,NULL,NULL),('2013-07-05',7484,7490,7414,7426,7450,602,7896,NULL,NULL),('2013-07-08',7452,7470,7404,7424,7420,1120,8656,NULL,NULL),('2013-07-09',7418,7480,7402,7450,7444,1418,8214,NULL,NULL),('2013-07-10',7460,7480,7420,7464,7458,836,8478,NULL,NULL),('2013-07-11',7502,7696,7500,7620,7638,6288,8224,NULL,NULL),('2013-07-12',7610,7626,7592,7600,7606,1026,8392,NULL,NULL),('2013-07-15',7602,7726,7592,7638,7676,4210,8338,NULL,NULL),('2013-07-16',7654,7656,7560,7612,7612,1630,8362,NULL,NULL),('2013-07-17',7618,7690,7600,7608,7644,2078,8192,NULL,NULL),('2013-07-18',7604,7646,7570,7638,7612,1442,8290,NULL,NULL),('2013-07-19',7680,7700,7644,7650,7672,1792,8354,NULL,NULL),('2013-07-22',7686,7796,7674,7788,7734,2282,8380,NULL,NULL),('2013-07-23',7770,7800,7754,7782,7786,1746,7688,NULL,NULL),('2013-07-24',7798,7822,7744,7796,7782,838,7740,NULL,NULL),('2013-07-25',7744,7798,7744,7772,7782,746,7608,NULL,NULL),('2013-07-26',7782,7794,7730,7736,7748,784,7564,NULL,NULL),('2013-07-29',7706,7706,7650,7652,7674,1594,7480,NULL,NULL),('2013-07-30',7658,7712,7658,7674,7686,768,7394,NULL,NULL),('2013-07-31',7650,7776,7650,7770,7728,1112,7168,NULL,NULL),('2013-08-01',7796,7852,7784,7846,7822,1160,7102,NULL,NULL),('2013-08-02',7864,7906,7824,7862,7878,5934,7668,NULL,NULL),('2013-08-05',7840,7932,7832,7924,7902,2864,8196,NULL,NULL),('2013-08-06',7910,7932,7880,7914,7908,1186,8480,NULL,NULL),('2013-08-07',7906,7914,7858,7864,7888,1630,8666,NULL,NULL),('2013-08-08',7872,7938,7866,7882,7902,3614,10164,NULL,NULL),('2013-08-09',7880,7974,7850,7868,7906,8322,14058,NULL,NULL),('2013-08-12',7888,7926,7872,7898,7900,4100,16260,NULL,NULL),('2013-08-13',7902,8030,7896,8018,7978,6112,18112,NULL,NULL),('2013-08-14',8002,8026,7950,7962,7984,4328,18786,NULL,NULL),('2013-08-15',7966,8008,7966,7996,7992,5118,18462,NULL,NULL),('2013-08-16',8010,8034,7978,7998,8010,7214,20754,NULL,NULL),('2013-08-19',8016,8064,8006,8016,8034,6036,22088,NULL,NULL),('2013-08-20',8004,8024,7870,7872,7958,7424,22748,NULL,NULL),('2013-08-21',7882,7910,7842,7842,7868,4624,22782,NULL,NULL),('2013-08-22',7824,7886,7808,7862,7856,3876,23562,NULL,NULL),('2013-08-23',7876,7904,7830,7838,7866,3296,23536,NULL,NULL),('2013-08-26',7904,7966,7902,7962,7946,9210,22396,NULL,NULL),('2013-08-27',7958,7988,7940,7986,7972,5132,22918,NULL,NULL),('2013-08-28',8032,8216,7980,7980,8104,39000,32574,NULL,NULL),('2013-08-29',7992,8028,7900,7992,7982,15642,31918,NULL,NULL),('2013-08-30',7962,8032,7956,8018,7998,12888,34566,NULL,NULL),('2013-09-02',8002,8026,7964,7984,7992,7446,34728,NULL,NULL),('2013-09-03',8016,8016,7952,7968,7980,5322,34628,NULL,NULL),('2013-09-04',7988,8028,7952,7956,7992,10342,36858,NULL,NULL),('2013-09-05',7930,7980,7926,7954,7952,7608,35632,NULL,NULL),('2013-09-06',7980,7982,7940,7942,7954,4236,35476,NULL,NULL),('2013-09-09',7984,8052,7970,8046,8018,12350,36846,NULL,NULL),('2013-09-10',8004,8042,7956,7980,7998,12758,37780,NULL,NULL),('2013-09-11',7934,7978,7878,7886,7932,13076,36958,NULL,NULL),('2013-09-12',7906,7924,7878,7898,7904,6252,36274,NULL,NULL),('2013-09-13',7906,7920,7856,7866,7892,6294,36142,NULL,NULL),('2013-09-16',7858,7902,7780,7808,7838,7350,36360,NULL,NULL),('2013-09-17',7780,7796,7742,7764,7762,8082,36380,NULL,NULL),('2013-09-18',7750,7752,7672,7676,7704,16784,33454,NULL,NULL),('2013-09-23',7660,7710,7630,7708,7670,15576,31222,NULL,NULL),('2013-09-24',7694,7720,7666,7676,7694,6786,31830,NULL,NULL),('2013-09-25',7678,7694,7640,7664,7662,9712,30664,NULL,NULL),('2013-09-26',7648,7698,7636,7696,7668,9428,29848,NULL,NULL),('2013-09-27',7690,7708,7622,7640,7658,10852,28354,NULL,NULL),('2013-09-30',7600,7616,7562,7594,7592,15962,29092,NULL,NULL),('2013-10-08',7578,7636,7578,7622,7614,7290,30078,NULL,NULL),('2013-10-09',7630,7652,7602,7616,7630,10104,32038,NULL,NULL),('2013-10-10',7594,7630,7580,7622,7614,6466,33112,NULL,NULL),('2013-10-11',7640,7686,7636,7654,7658,13758,34240,NULL,NULL),('2013-10-14',7642,7690,7626,7690,7660,12922,35910,NULL,NULL),('2013-10-15',7708,7738,7684,7698,7713,21226,37036,NULL,NULL),('2013-10-16',7696,7700,7670,7670,7684,12750,39842,NULL,NULL),('2013-10-17',7684,7706,7504,7508,7588,51984,55708,NULL,NULL),('2013-10-18',7502,7530,7490,7508,7510,35032,62480,NULL,NULL),('2013-10-21',7506,7516,7462,7506,7486,55216,71976,NULL,NULL),('2013-10-22',7500,7520,7456,7474,7482,55282,78596,NULL,NULL),('2013-10-23',7470,7480,7442,7464,7464,35054,83786,NULL,NULL),('2013-10-24',7450,7522,7450,7480,7480,38406,84380,NULL,NULL),('2013-10-25',7490,7492,7456,7462,7472,31714,85938,NULL,NULL),('2013-10-28',7474,7478,7386,7390,7414,63350,109432,NULL,NULL),('2013-10-29',7400,7422,7380,7418,7404,50110,107810,NULL,NULL),('2013-10-30',7430,7468,7400,7454,7438,57064,115020,NULL,NULL),('2013-10-31',7426,7434,7366,7404,7390,97478,130544,NULL,NULL),('2013-11-01',7404,7444,7390,7440,7424,92830,140586,NULL,NULL),('2013-11-04',7402,7458,7402,7440,7438,99334,159032,NULL,NULL),('2013-11-05',7442,7474,7420,7446,7448,138214,174148,NULL,NULL),('2013-11-06',7440,7454,7396,7420,7422,146970,193434,NULL,NULL),('2013-11-07',7436,7506,7426,7490,7474,244866,204006,NULL,NULL),('2013-11-08',7490,7550,7480,7516,7516,250474,213332,NULL,NULL),('2013-11-11',7532,7544,7490,7526,7518,136894,221542,NULL,NULL),('2013-11-12',7530,7530,7472,7494,7498,156254,223946,NULL,NULL),('2013-11-13',7480,7510,7456,7480,7488,127044,229394,NULL,NULL),('2013-11-14',7490,7530,7484,7502,7516,249374,258906,NULL,NULL),('2013-11-15',7514,7518,7482,7504,7500,144758,264602,NULL,NULL),('2013-11-18',7500,7536,7462,7484,7498,239826,276148,NULL,NULL),('2013-11-19',7478,7486,7422,7468,7454,252508,304740,NULL,NULL),('2013-11-20',7476,7508,7458,7470,7484,168870,302338,NULL,NULL),('2013-11-21',7478,7500,7448,7480,7478,190246,311052,NULL,NULL),('2013-11-22',7502,7516,7450,7450,7484,197492,325226,NULL,NULL),('2013-11-25',7442,7468,7396,7404,7434,223872,356538,NULL,NULL),('2013-11-26',7426,7450,7398,7430,7428,199082,346222,NULL,NULL),('2013-11-27',7428,7448,7390,7424,7420,163752,349020,NULL,NULL),('2013-11-28',7410,7444,7402,7428,7426,146742,354652,NULL,NULL),('2013-11-29',7430,7480,7430,7476,7458,269240,385794,NULL,NULL),('2013-12-02',7484,7510,7468,7490,7490,214198,395562,NULL,NULL),('2013-12-03',7494,7524,7480,7518,7502,259840,400140,NULL,NULL),('2013-12-04',7556,7598,7530,7540,7562,363750,423480,NULL,NULL),('2013-12-05',7552,7566,7452,7456,7520,262670,422554,NULL,NULL),('2013-12-06',7456,7498,7440,7492,7477,171684,387362,NULL,NULL),('2013-12-09',7518,7522,7486,7510,7504,159344,390188,NULL,NULL),('2013-12-10',7530,7530,7482,7490,7502,119198,396662,NULL,NULL),('2013-12-11',7508,7514,7490,7500,7502,107860,389168,NULL,NULL),('2013-12-12',7500,7564,7492,7540,7536,379226,443818,NULL,NULL),('2013-12-13',7542,7548,7456,7476,7486,285476,378650,NULL,NULL),('2013-12-16',7470,7486,7430,7444,7454,210750,370110,NULL,NULL),('2013-12-17',7444,7454,7412,7414,7434,153632,377078,NULL,NULL),('2013-12-18',7408,7424,7322,7346,7354,441602,443652,NULL,NULL),('2013-12-19',7368,7382,7352,7354,7364,153992,416962,NULL,NULL),('2013-12-20',7360,7390,7332,7368,7366,184332,410048,NULL,NULL),('2013-12-23',7366,7390,7326,7368,7362,227998,411298,NULL,NULL),('2013-12-24',7380,7380,7328,7342,7348,186754,426896,NULL,NULL),('2013-12-25',7356,7378,7346,7374,7366,144816,406430,NULL,NULL),('2013-12-26',7380,7386,7336,7370,7354,177552,412450,NULL,NULL),('2013-12-27',7370,7414,7354,7392,7384,214642,393974,NULL,NULL),('2013-12-30',7392,7466,7386,7422,7428,209926,383094,NULL,NULL),('2013-12-31',7416,7420,7356,7362,7386,161212,365248,NULL,NULL),('2014-01-02',7364,7364,7274,7294,7304,323978,403860,NULL,NULL),('2014-01-03',7236,7268,7212,7220,7240,173350,407484,NULL,NULL),('2014-01-06',7210,7212,7136,7146,7174,238492,422160,NULL,NULL),('2014-01-07',7160,7160,7066,7096,7100,221352,437950,NULL,NULL),('2014-01-08',7088,7126,7076,7104,7102,150578,427392,NULL,NULL),('2014-01-09',7080,7140,7006,7120,7100,222846,412538,NULL,NULL),('2014-01-10',7100,7110,7020,7084,7066,307498,403938,NULL,NULL),('2014-01-13',7090,7106,7036,7046,7072,168756,405946,NULL,NULL),('2014-01-14',7026,7042,6924,7004,6970,486318,424468,NULL,NULL),('2014-01-15',7000,7000,6950,6982,6978,178234,421948,NULL,NULL),('2014-01-16',7004,7046,6984,7032,7020,199566,409248,NULL,NULL),('2014-01-17',7026,7028,6974,7014,6998,162272,411552,NULL,NULL),('2014-01-20',7000,7028,6984,7008,7006,153880,415880,NULL,NULL),('2014-01-21',7000,7000,6868,6898,6932,391514,468748,NULL,NULL),('2014-01-22',6898,6924,6836,6874,6884,299298,464826,NULL,NULL),('2014-01-23',6900,6922,6874,6916,6900,186044,451346,NULL,NULL),('2014-01-24',6914,6972,6914,6940,6944,205270,436554,NULL,NULL),('2014-01-27',6926,6942,6880,6916,6904,162768,429744,NULL,NULL),('2014-01-28',6886,6918,6880,6896,6896,124200,423094,NULL,NULL),('2014-01-29',6898,6918,6860,6916,6896,128642,411644,NULL,NULL),('2014-01-30',6916,6924,6816,6860,6862,170492,406450,NULL,NULL),('2014-02-07',6876,6876,6824,6832,6844,92184,416800,NULL,NULL),('2014-02-10',6840,6936,6836,6932,6888,237614,428056,NULL,NULL),('2014-02-11',6930,6938,6862,6874,6888,177984,445992,NULL,NULL),('2014-02-12',6882,6892,6846,6874,6872,148058,456370,NULL,NULL),('2014-02-13',6880,6880,6830,6830,6848,211856,491836,NULL,NULL),('2014-02-14',6822,6856,6788,6790,6820,339036,542840,NULL,NULL),('2014-02-17',6790,6842,6764,6810,6816,410796,551834,NULL,NULL),('2014-02-18',6814,6826,6736,6740,6786,448486,615464,NULL,NULL),('2014-02-19',6778,6790,6720,6734,6746,454386,647374,NULL,NULL),('2014-02-20',6726,6750,6670,6692,6701,504116,646792,NULL,NULL),('2014-02-21',6690,6728,6682,6688,6704,322714,640202,NULL,NULL),('2014-02-24',6670,6672,6448,6524,6546,716864,652670,NULL,NULL),('2014-02-25',6516,6530,6470,6472,6500,320128,659860,NULL,NULL),('2014-02-26',6458,6498,6412,6470,6462,315452,663084,NULL,NULL),('2014-02-27',6468,6478,6432,6434,6452,188018,649162,NULL,NULL),('2014-02-28',6418,6462,6412,6428,6442,280436,637748,NULL,NULL),('2014-03-03',6438,6500,6438,6458,6472,267594,612808,NULL,NULL),('2014-03-04',6462,6482,6452,6470,6466,146450,591998,NULL,NULL),('2014-03-05',6474,6564,6454,6554,6512,320134,583608,NULL,NULL),('2014-03-06',6536,6596,6520,6594,6560,208664,566632,NULL,NULL),('2014-03-07',6592,6620,6540,6566,6578,199298,540148,NULL,NULL),('2014-03-10',6528,6564,6380,6476,6478,377378,493210,NULL,NULL),('2014-03-11',6478,6568,6454,6526,6516,174132,470284,NULL,NULL),('2014-03-12',6470,6524,6446,6504,6490,110690,463416,NULL,NULL),('2014-03-13',6482,6504,6450,6452,6476,86560,462874,NULL,NULL),('2014-03-14',6400,6400,6216,6216,6298,240744,460198,NULL,NULL),('2014-03-17',6160,6302,6152,6282,6252,126306,452646,NULL,NULL),('2014-03-18',6272,6306,6232,6288,6274,74786,439880,NULL,NULL),('2014-03-19',6286,6328,6284,6316,6310,50982,432274,NULL,NULL),('2014-03-20',6358,6368,6308,6342,6338,45564,424006,NULL,NULL),('2014-03-21',6342,6390,6318,6390,6350,42064,411518,NULL,NULL),('2014-03-24',6390,6450,6380,6442,6414,53676,406856,NULL,NULL),('2014-03-25',6450,6540,6448,6514,6490,103084,383538,NULL,NULL),('2014-03-26',6526,6562,6506,6534,6526,32986,376386,NULL,NULL),('2014-03-27',6528,6588,6492,6552,6556,64838,344876,NULL,NULL),('2014-03-28',6554,6644,6554,6640,6596,72656,320190,NULL,NULL),('2014-03-31',6662,6680,6596,6608,6636,49666,301368,NULL,NULL),('2014-04-01',6588,6612,6510,6520,6542,36812,285766,NULL,NULL),('2014-04-02',6490,6560,6490,6520,6522,17122,282522,NULL,NULL),('2014-04-03',6504,6518,6460,6464,6486,30948,271216,NULL,NULL),('2014-04-04',6456,6492,6444,6448,6472,49166,244010,NULL,NULL),('2014-04-08',6430,6498,6430,6452,6462,66406,210512,NULL,NULL),('2014-04-09',6458,6476,6308,6312,6398,37766,195826,NULL,NULL),('2014-04-10',6310,6348,6298,6320,6324,46838,171174,NULL,NULL),('2014-04-11',6310,6340,6310,6324,6322,15542,161310,NULL,NULL),('2014-04-14',6338,6364,6310,6336,6336,14664,155254,NULL,NULL),('2014-04-15',6328,6348,6298,6312,6328,18310,147882,NULL,NULL),('2014-04-16',6310,6344,6286,6344,6326,10022,142808,NULL,NULL),('2014-04-17',6344,6358,6306,6326,6332,17956,132198,NULL,NULL),('2014-04-18',6306,6322,6252,6254,6292,19524,118852,NULL,NULL);
/*!40000 ALTER TABLE `TA405_dayk` ENABLE KEYS */;
UNLOCK TABLES;

--
-- Table structure for table `TA409_dayk`
--

DROP TABLE IF EXISTS `TA409_dayk`;
/*!40101 SET @saved_cs_client     = @@character_set_client */;
/*!40101 SET character_set_client = utf8 */;
CREATE TABLE `TA409_dayk` (
  `Time` date NOT NULL,
  `Open` float NOT NULL,
  `Highest` float NOT NULL,
  `Lowest` float NOT NULL,
  `Close` float NOT NULL,
  `Avg` float NOT NULL,
  `SellVol` int(11) DEFAULT NULL,
  `BuyVol` int(11) DEFAULT NULL,
  `Tr` float DEFAULT NULL,
  `Atr` float DEFAULT NULL,
  PRIMARY KEY (`Time`)
) ENGINE=MyISAM DEFAULT CHARSET=latin1;
/*!40101 SET character_set_client = @saved_cs_client */;

--
-- Dumping data for table `TA409_dayk`
--

LOCK TABLES `TA409_dayk` WRITE;
/*!40000 ALTER TABLE `TA409_dayk` DISABLE KEYS */;
INSERT INTO `TA409_dayk` VALUES ('2013-09-16',7904,7908,7824,7824,7888,22,22,NULL,NULL),('2013-09-17',7800,7810,7774,7790,7796,16,26,NULL,NULL),('2013-09-18',7734,7744,7678,7678,7716,1054,1038,NULL,NULL),('2013-09-23',7654,7700,7634,7700,7700,2032,3058,NULL,NULL),('2013-09-24',7668,7690,7668,7670,7680,24,3076,NULL,NULL),('2013-09-25',7712,7712,7638,7642,7642,3090,3122,NULL,NULL),('2013-09-26',7632,7680,7626,7680,7646,24,3122,NULL,NULL),('2013-09-27',7672,7680,7602,7618,7660,3068,140,NULL,NULL),('2013-09-30',7540,7592,7536,7576,7570,28,144,NULL,NULL),('2013-10-08',7600,7618,7574,7592,7592,40,148,NULL,NULL),('2013-10-09',7616,7632,7590,7594,7612,96,208,NULL,NULL),('2013-10-10',7574,7606,7574,7596,7594,52,218,NULL,NULL),('2013-10-11',7622,7646,7616,7620,7636,66,232,NULL,NULL),('2013-10-14',7608,7650,7608,7650,7628,54,230,NULL,NULL),('2013-10-15',7680,7708,7666,7680,7682,54,248,NULL,NULL),('2013-10-16',7672,7684,7662,7662,7668,78,226,NULL,NULL),('2013-10-17',7678,7678,7518,7518,7574,298,380,NULL,NULL),('2013-10-18',7522,7534,7500,7520,7516,82,388,NULL,NULL),('2013-10-21',7516,7526,7486,7510,7504,114,428,NULL,NULL),('2013-10-22',7500,7526,7474,7498,7490,122,454,NULL,NULL),('2013-10-23',7490,7496,7462,7490,7482,58,480,NULL,NULL),('2013-10-24',7500,7512,7484,7494,7502,66,480,NULL,NULL),('2013-10-25',7470,7494,7470,7486,7486,44,496,NULL,NULL),('2013-10-28',7486,7486,7408,7410,7424,288,738,NULL,NULL),('2013-10-29',7408,7438,7400,7430,7418,72,748,NULL,NULL),('2013-10-30',7430,7470,7426,7466,7456,52,732,NULL,NULL),('2013-10-31',7444,7444,7380,7410,7406,476,958,NULL,NULL),('2013-11-01',7404,7450,7404,7446,7426,518,1096,NULL,NULL),('2013-11-04',7410,7450,7400,7446,7422,472,1046,NULL,NULL),('2013-11-05',7450,7462,7414,7442,7442,256,1098,NULL,NULL),('2013-11-06',7448,7448,7396,7416,7416,270,1236,NULL,NULL),('2013-11-07',7426,7490,7422,7478,7460,296,1208,NULL,NULL),('2013-11-08',7488,7560,7480,7514,7520,644,1402,NULL,NULL),('2013-11-11',7526,7540,7494,7518,7514,236,1418,NULL,NULL),('2013-11-12',7516,7520,7470,7486,7490,256,1458,NULL,NULL),('2013-11-13',7456,7508,7456,7484,7482,304,1490,NULL,NULL),('2013-11-14',7500,7528,7492,7502,7508,590,1576,NULL,NULL),('2013-11-15',7508,7508,7478,7494,7492,474,1682,NULL,NULL),('2013-11-18',7496,7522,7462,7476,7488,472,1632,NULL,NULL),('2013-11-19',7468,7476,7420,7464,7444,332,1616,NULL,NULL),('2013-11-20',7480,7502,7456,7476,7482,598,1738,NULL,NULL),('2013-11-21',7468,7494,7446,7474,7470,442,1688,NULL,NULL),('2013-11-22',7500,7512,7448,7448,7484,640,1872,NULL,NULL),('2013-11-25',7438,7458,7392,7400,7430,1018,1928,NULL,NULL),('2013-11-26',7416,7444,7400,7424,7420,728,2048,NULL,NULL),('2013-11-27',7420,7436,7392,7420,7414,712,2150,NULL,NULL),('2013-11-28',7408,7436,7402,7418,7420,558,2236,NULL,NULL),('2013-11-29',7434,7464,7420,7460,7446,1516,2492,NULL,NULL),('2013-12-02',7478,7488,7450,7474,7472,1292,2766,NULL,NULL),('2013-12-03',7470,7500,7462,7494,7482,818,2736,NULL,NULL),('2013-12-04',7520,7562,7496,7508,7518,1512,3046,NULL,NULL),('2013-12-05',7520,7522,7416,7422,7476,2116,3858,NULL,NULL),('2013-12-06',7420,7440,7408,7440,7430,1246,4216,NULL,NULL),('2013-12-09',7442,7466,7442,7452,7452,1198,4512,NULL,NULL),('2013-12-10',7454,7466,7436,7454,7450,1510,4946,NULL,NULL),('2013-12-11',7460,7470,7444,7456,7456,828,4864,NULL,NULL),('2013-12-12',7452,7510,7452,7474,7478,3102,5600,NULL,NULL),('2013-12-13',7468,7468,7404,7426,7428,2132,5874,NULL,NULL),('2013-12-16',7432,7432,7396,7404,7408,2774,6532,NULL,NULL),('2013-12-17',7404,7420,7388,7396,7402,2076,7704,NULL,NULL),('2013-12-18',7390,7396,7308,7320,7334,8812,12914,NULL,NULL),('2013-12-19',7336,7348,7320,7320,7332,1964,13350,NULL,NULL),('2013-12-20',7328,7360,7306,7334,7332,2178,13160,NULL,NULL),('2013-12-23',7358,7358,7300,7336,7324,3634,13888,NULL,NULL),('2013-12-24',7348,7348,7308,7320,7318,1828,14706,NULL,NULL),('2013-12-25',7322,7354,7318,7342,7336,1930,14666,NULL,NULL),('2013-12-26',7350,7350,7312,7336,7326,2844,15904,NULL,NULL),('2013-12-27',7342,7384,7324,7370,7358,3796,15502,NULL,NULL),('2013-12-30',7370,7430,7360,7380,7392,4062,14958,NULL,NULL),('2013-12-31',7388,7388,7326,7328,7338,3492,16326,NULL,NULL),('2014-01-02',7328,7328,7260,7266,7276,9634,21344,NULL,NULL),('2014-01-03',7226,7232,7150,7152,7194,12132,26830,NULL,NULL),('2014-01-06',7126,7130,7022,7048,7060,27178,38636,NULL,NULL),('2014-01-07',7050,7060,6926,6950,6964,25174,49006,NULL,NULL),('2014-01-08',6950,7014,6930,6980,6982,16626,47870,NULL,NULL),('2014-01-09',6934,7014,6888,7004,6968,24538,48774,NULL,NULL),('2014-01-10',6980,7030,6918,7008,6980,26824,50954,NULL,NULL),('2014-01-13',7026,7054,6962,6978,7010,25434,54248,NULL,NULL),('2014-01-14',6958,6974,6872,6960,6918,34174,58668,NULL,NULL),('2014-01-15',6960,6962,6922,6940,6940,11786,59098,NULL,NULL),('2014-01-16',6968,7012,6940,6992,6984,12994,59470,NULL,NULL),('2014-01-17',6988,6994,6938,6974,6956,15568,62090,NULL,NULL),('2014-01-20',6964,6998,6958,6980,6978,9564,63818,NULL,NULL),('2014-01-21',6980,6980,6808,6834,6866,68388,91132,NULL,NULL),('2014-01-22',6824,6852,6772,6790,6810,48218,95510,NULL,NULL),('2014-01-23',6798,6846,6792,6806,6814,32508,98644,NULL,NULL),('2014-01-24',6810,6850,6786,6832,6822,53964,101334,NULL,NULL),('2014-01-27',6820,6840,6780,6828,6816,25872,99140,NULL,NULL),('2014-01-28',6806,6832,6794,6820,6812,27274,97914,NULL,NULL),('2014-01-29',6820,6828,6782,6808,6800,18768,95472,NULL,NULL),('2014-01-30',6808,6810,6720,6750,6758,25806,98164,NULL,NULL),('2014-02-07',6788,6788,6732,6754,6760,20678,104796,NULL,NULL),('2014-02-10',6788,6856,6760,6856,6810,52506,112880,NULL,NULL),('2014-02-11',6866,6866,6784,6800,6818,36550,119132,NULL,NULL),('2014-02-12',6808,6826,6782,6816,6810,24290,121700,NULL,NULL),('2014-02-13',6804,6824,6774,6780,6790,28800,127024,NULL,NULL),('2014-02-14',6784,6822,6762,6768,6786,58592,137378,NULL,NULL),('2014-02-17',6800,6848,6762,6830,6812,107044,144140,NULL,NULL),('2014-02-18',6828,6890,6786,6794,6830,103784,145440,NULL,NULL),('2014-02-19',6830,6838,6742,6758,6784,121846,177532,NULL,NULL),('2014-02-20',6750,6760,6634,6660,6683,216476,236314,NULL,NULL),('2014-02-21',6664,6686,6630,6646,6656,132572,251520,NULL,NULL),('2014-02-24',6620,6646,6438,6480,6512,246630,293660,NULL,NULL),('2014-02-25',6480,6488,6408,6410,6442,166644,314592,NULL,NULL),('2014-02-26',6390,6450,6366,6430,6410,221954,341172,NULL,NULL),('2014-02-27',6420,6440,6388,6388,6410,159648,372554,NULL,NULL),('2014-02-28',6382,6486,6374,6432,6432,219254,378786,NULL,NULL),('2014-03-03',6450,6490,6416,6418,6448,199084,383870,NULL,NULL),('2014-03-04',6430,6462,6400,6434,6432,209234,383518,NULL,NULL),('2014-03-05',6452,6550,6428,6546,6494,392604,375566,NULL,NULL),('2014-03-06',6518,6588,6474,6576,6534,413846,384220,NULL,NULL),('2014-03-07',6580,6616,6478,6520,6544,508108,427370,NULL,NULL),('2014-03-10',6426,6524,6296,6392,6394,861522,510730,NULL,NULL),('2014-03-11',6386,6546,6374,6484,6466,703710,482732,NULL,NULL),('2014-03-12',6400,6486,6382,6462,6438,648470,504894,NULL,NULL),('2014-03-13',6442,6474,6394,6400,6432,547334,532326,NULL,NULL),('2014-03-14',6354,6360,6174,6174,6246,1105468,741416,NULL,NULL),('2014-03-17',6132,6262,6132,6244,6220,708970,653152,NULL,NULL),('2014-03-18',6220,6274,6174,6250,6228,630054,676146,NULL,NULL),('2014-03-19',6258,6288,6232,6268,6262,384558,690522,NULL,NULL),('2014-03-20',6300,6308,6238,6286,6276,514996,679938,NULL,NULL),('2014-03-21',6278,6340,6248,6336,6292,549808,699756,NULL,NULL),('2014-03-24',6330,6406,6330,6394,6370,733362,706846,NULL,NULL),('2014-03-25',6416,6500,6398,6476,6454,740138,636546,NULL,NULL),('2014-03-26',6480,6516,6458,6498,6482,489626,573172,NULL,NULL),('2014-03-27',6488,6554,6452,6522,6514,605134,545046,NULL,NULL),('2014-03-28',6534,6632,6526,6624,6570,611824,531718,NULL,NULL),('2014-03-31',6648,6666,6574,6586,6618,535458,540080,NULL,NULL),('2014-04-01',6576,6590,6476,6480,6512,686342,490498,NULL,NULL),('2014-04-02',6468,6526,6458,6484,6488,434324,498494,NULL,NULL),('2014-04-03',6460,6474,6404,6418,6436,493028,517022,NULL,NULL),('2014-04-04',6420,6462,6410,6444,6442,342222,478994,NULL,NULL),('2014-04-08',6446,6538,6446,6502,6504,570254,527922,NULL,NULL),('2014-04-09',6516,6528,6380,6384,6468,616106,547876,NULL,NULL),('2014-04-10',6384,6420,6340,6368,6378,703378,541910,NULL,NULL),('2014-04-11',6372,6400,6356,6388,6380,380062,537850,NULL,NULL),('2014-04-14',6420,6440,6380,6426,6414,421722,536652,NULL,NULL),('2014-04-15',6424,6438,6372,6382,6402,411180,532590,NULL,NULL),('2014-04-16',6384,6416,6362,6400,6390,313976,523978,NULL,NULL),('2014-04-17',6408,6456,6366,6388,6420,640844,543426,NULL,NULL),('2014-04-18',6382,6392,6306,6312,6344,614836,528530,NULL,NULL);
/*!40000 ALTER TABLE `TA409_dayk` ENABLE KEYS */;
UNLOCK TABLES;

--
-- Table structure for table `m1405_dayk`
--

DROP TABLE IF EXISTS `m1405_dayk`;
/*!40101 SET @saved_cs_client     = @@character_set_client */;
/*!40101 SET character_set_client = utf8 */;
CREATE TABLE `m1405_dayk` (
  `Time` date NOT NULL,
  `Open` float NOT NULL,
  `Highest` float NOT NULL,
  `Lowest` float NOT NULL,
  `Close` float NOT NULL,
  `Avg` float NOT NULL,
  `SellVol` int(11) DEFAULT NULL,
  `BuyVol` int(11) DEFAULT NULL,
  `Tr` float DEFAULT NULL,
  `Atr` float DEFAULT NULL,
  PRIMARY KEY (`Time`)
) ENGINE=MyISAM DEFAULT CHARSET=latin1;
/*!40101 SET character_set_client = @saved_cs_client */;

--
-- Dumping data for table `m1405_dayk`
--

LOCK TABLES `m1405_dayk` WRITE;
/*!40000 ALTER TABLE `m1405_dayk` DISABLE KEYS */;
INSERT INTO `m1405_dayk` VALUES ('2013-05-16',2923,2944,2908,2942,2927,34808,24172,NULL,NULL),('2013-05-17',2957,2973,2951,2965,2964,32170,41768,NULL,NULL),('2013-05-20',2984,2997,2973,2978,2982,32058,55068,NULL,NULL),('2013-05-21',2973,2986,2935,2945,2958,74866,95974,NULL,NULL),('2013-05-22',2955,2955,2935,2940,2943,50132,122344,NULL,NULL),('2013-05-23',2961,2965,2936,2937,2947,45268,129768,NULL,NULL),('2013-05-24',2937,2945,2930,2939,2938,36028,134814,NULL,NULL),('2013-05-27',2939,2959,2932,2955,2952,44384,136836,NULL,NULL),('2013-05-28',2964,2973,2956,2972,2962,51744,144876,NULL,NULL),('2013-05-29',3001,3069,2988,3033,3035,122608,147328,NULL,NULL),('2013-05-30',3041,3066,3034,3062,3051,91492,156370,NULL,NULL),('2013-05-31',3075,3086,3058,3084,3075,109444,172582,NULL,NULL),('2013-06-03',3110,3182,3103,3160,3160,215834,217950,NULL,NULL),('2013-06-04',3155,3161,3103,3114,3128,150552,230240,NULL,NULL),('2013-06-05',3126,3148,3111,3131,3131,128840,232956,NULL,NULL),('2013-06-06',3094,3106,3075,3091,3090,117030,215130,NULL,NULL),('2013-06-07',3120,3120,3088,3098,3099,78574,216808,NULL,NULL),('2013-06-13',3105,3110,3069,3073,3086,107060,210278,NULL,NULL),('2013-06-14',3057,3090,3052,3089,3070,75080,216066,NULL,NULL),('2013-06-17',3052,3070,3039,3065,3054,151368,239952,NULL,NULL),('2013-06-18',3063,3093,3063,3066,3074,108078,253200,NULL,NULL),('2013-06-19',3060,3071,3055,3060,3062,70346,272856,NULL,NULL),('2013-06-20',3073,3078,3056,3059,3065,85942,282106,NULL,NULL),('2013-06-21',3029,3041,2999,3000,3021,189314,332744,NULL,NULL),('2013-06-24',2981,2997,2968,2973,2981,115806,347824,NULL,NULL),('2013-06-25',2995,3021,2993,3018,3007,139540,333474,NULL,NULL),('2013-06-26',3015,3022,2999,3009,3010,115604,342712,NULL,NULL),('2013-06-27',3010,3040,3002,3031,3023,141370,320218,NULL,NULL),('2013-06-28',3029,3035,3010,3015,3020,103746,334820,NULL,NULL),('2013-07-01',2970,2990,2966,2982,2981,124090,377792,NULL,NULL),('2013-07-02',2968,3003,2966,3000,2989,100970,384770,NULL,NULL),('2013-07-03',2996,3032,2993,3026,3010,148560,400612,NULL,NULL),('2013-07-04',3029,3038,3022,3027,3029,96340,414090,NULL,NULL),('2013-07-05',3028,3050,3024,3046,3040,161394,448768,NULL,NULL),('2013-07-08',3016,3024,2995,3007,3007,201498,509062,NULL,NULL),('2013-07-09',3045,3095,3041,3090,3073,335314,486090,NULL,NULL),('2013-07-10',3108,3118,3086,3100,3100,287050,492338,NULL,NULL),('2013-07-11',3113,3115,3086,3105,3102,233716,494604,NULL,NULL),('2013-07-12',3108,3139,3101,3102,3120,228658,475390,NULL,NULL),('2013-07-15',3070,3084,3061,3078,3072,191014,497530,NULL,NULL),('2013-07-16',3099,3102,3087,3101,3094,157144,474142,NULL,NULL),('2013-07-17',3131,3134,3107,3111,3118,208410,479590,NULL,NULL),('2013-07-18',3090,3119,3090,3118,3103,120792,496242,NULL,NULL),('2013-07-19',3100,3112,3081,3081,3101,264880,553586,NULL,NULL),('2013-07-22',3090,3097,3070,3086,3083,231866,561188,NULL,NULL),('2013-07-23',3099,3140,3096,3135,3121,277284,522054,NULL,NULL),('2013-07-24',3105,3115,3100,3111,3108,262522,567416,NULL,NULL),('2013-07-25',3090,3094,3074,3086,3084,195372,598950,NULL,NULL),('2013-07-26',3030,3036,2975,2992,3005,599738,633984,NULL,NULL),('2013-07-29',2998,3000,2976,2988,2987,244382,633202,NULL,NULL),('2013-07-30',2996,3005,2985,2998,2996,237442,620300,NULL,NULL),('2013-07-31',2958,2992,2955,2990,2975,287002,643056,NULL,NULL),('2013-08-01',2989,3004,2983,2998,2995,232214,644654,NULL,NULL),('2013-08-02',2978,2994,2974,2990,2986,209320,673204,NULL,NULL),('2013-08-05',2965,2977,2961,2968,2969,252116,707502,NULL,NULL),('2013-08-06',2962,2975,2956,2971,2965,338126,729000,NULL,NULL),('2013-08-07',2960,2969,2942,2946,2952,340882,789868,NULL,NULL),('2013-08-08',2953,2971,2949,2965,2962,286314,769214,NULL,NULL),('2013-08-09',2980,2996,2972,2974,2985,328994,760322,NULL,NULL),('2013-08-12',2977,2991,2972,2991,2981,208512,774608,NULL,NULL),('2013-08-13',3035,3064,3030,3049,3048,402858,791946,NULL,NULL),('2013-08-14',3040,3052,3023,3024,3039,316008,830108,NULL,NULL),('2013-08-15',3053,3099,3048,3063,3071,602072,827194,NULL,NULL),('2013-08-16',3100,3123,3085,3088,3101,477622,837490,NULL,NULL),('2013-08-19',3125,3133,3106,3119,3117,322016,854604,NULL,NULL),('2013-08-20',3159,3165,3093,3116,3124,575264,812652,NULL,NULL),('2013-08-21',3110,3137,3103,3127,3123,451950,882614,NULL,NULL),('2013-08-22',3124,3171,3116,3169,3150,781116,977032,NULL,NULL),('2013-08-23',3161,3169,3142,3161,3155,588134,967134,NULL,NULL),('2013-08-26',3260,3281,3260,3281,3277,281666,920096,NULL,NULL),('2013-08-27',3334,3358,3317,3356,3335,1067046,949654,NULL,NULL),('2013-08-28',3345,3362,3313,3314,3344,823940,1001326,NULL,NULL),('2013-08-29',3338,3340,3258,3302,3311,825232,923284,NULL,NULL),('2013-08-30',3295,3295,3223,3245,3249,758874,908518,NULL,NULL),('2013-09-02',3250,3339,3250,3336,3305,679096,945952,NULL,NULL),('2013-09-03',3359,3360,3305,3335,3328,609404,962546,NULL,NULL),('2013-09-04',3300,3303,3259,3293,3283,719192,962380,NULL,NULL),('2013-09-05',3275,3298,3242,3258,3267,843446,985084,NULL,NULL),('2013-09-06',3280,3293,3267,3292,3281,728250,927860,NULL,NULL),('2013-09-09',3306,3313,3271,3278,3286,551634,957400,NULL,NULL),('2013-09-10',3239,3264,3225,3232,3243,653008,1002254,NULL,NULL),('2013-09-11',3251,3277,3236,3267,3256,655462,1004604,NULL,NULL),('2013-09-12',3276,3283,3258,3265,3269,664218,967888,NULL,NULL),('2013-09-13',3340,3345,3305,3316,3318,852340,907938,NULL,NULL),('2013-09-16',3260,3282,3240,3243,3265,701290,944854,NULL,NULL),('2013-09-17',3230,3252,3216,3251,3236,602180,955298,NULL,NULL),('2013-09-18',3231,3265,3231,3261,3249,393152,955538,NULL,NULL),('2013-09-23',3209,3234,3197,3228,3220,365908,994744,NULL,NULL),('2013-09-24',3228,3270,3228,3260,3256,546178,1077744,NULL,NULL),('2013-09-25',3260,3268,3249,3252,3257,416894,1062220,NULL,NULL),('2013-09-26',3259,3265,3236,3254,3252,377340,1068184,NULL,NULL),('2013-09-27',3245,3275,3237,3270,3256,438512,1022242,NULL,NULL),('2013-09-30',3260,3285,3257,3279,3272,346062,980210,NULL,NULL),('2013-10-08',3301,3378,3300,3353,3350,751890,1078746,NULL,NULL),('2013-10-09',3331,3354,3323,3354,3341,671406,1248750,NULL,NULL),('2013-10-10',3351,3397,3326,3338,3364,1486540,1429708,NULL,NULL),('2013-10-11',3318,3342,3305,3315,3324,823964,1448336,NULL,NULL),('2013-10-14',3300,3341,3289,3319,3316,941428,1435022,NULL,NULL),('2013-10-15',3320,3334,3281,3296,3306,1005650,1435026,NULL,NULL),('2013-10-16',3302,3310,3255,3267,3277,1167570,1464338,NULL,NULL),('2013-10-17',3289,3292,3235,3250,3260,851986,1454580,NULL,NULL),('2013-10-18',3268,3288,3264,3282,3277,885506,1425872,NULL,NULL),('2013-10-21',3275,3318,3265,3316,3290,1100388,1539448,NULL,NULL),('2013-10-22',3311,3322,3286,3287,3304,876184,1472096,NULL,NULL),('2013-10-23',3290,3324,3282,3308,3307,1251844,1533492,NULL,NULL),('2013-10-24',3325,3326,3300,3319,3313,890194,1485386,NULL,NULL),('2013-10-25',3309,3329,3285,3291,3309,999084,1439724,NULL,NULL),('2013-10-28',3288,3289,3235,3257,3254,1023748,1439438,NULL,NULL),('2013-10-29',3225,3252,3222,3248,3239,791944,1369366,NULL,NULL),('2013-10-30',3247,3264,3237,3242,3251,699664,1344110,NULL,NULL),('2013-10-31',3233,3255,3217,3238,3234,776896,1376648,NULL,NULL),('2013-11-01',3218,3235,3215,3228,3225,944044,1451696,NULL,NULL),('2013-11-04',3198,3229,3188,3223,3207,1590444,1569836,NULL,NULL),('2013-11-05',3225,3234,3208,3223,3219,931860,1535390,NULL,NULL),('2013-11-06',3205,3228,3204,3224,3217,873634,1585714,NULL,NULL),('2013-11-07',3229,3236,3217,3222,3227,811064,1591406,NULL,NULL),('2013-11-08',3235,3243,3218,3221,3229,806288,1553394,NULL,NULL),('2013-11-11',3296,3300,3264,3265,3283,1611590,1639384,NULL,NULL),('2013-11-12',3268,3284,3262,3281,3273,839882,1645960,NULL,NULL),('2013-11-13',3295,3307,3287,3296,3297,995086,1626836,NULL,NULL),('2013-11-14',3285,3296,3272,3276,3280,738256,1611992,NULL,NULL),('2013-11-15',3283,3291,3273,3280,3282,777470,1564674,NULL,NULL),('2013-11-18',3240,3248,3231,3238,3239,762936,1585974,NULL,NULL),('2013-11-19',3249,3252,3223,3226,3239,750704,1653154,NULL,NULL),('2013-11-20',3227,3238,3221,3235,3230,694484,1653132,NULL,NULL),('2013-11-21',3237,3245,3229,3237,3238,593684,1675496,NULL,NULL),('2013-11-22',3250,3263,3247,3261,3255,705930,1663766,NULL,NULL),('2013-11-25',3300,3306,3270,3272,3289,1003722,1667622,NULL,NULL),('2013-11-26',3292,3297,3278,3279,3287,711552,1627654,NULL,NULL),('2013-11-27',3290,3335,3282,3326,3316,1676934,1688880,NULL,NULL),('2013-11-28',3310,3326,3310,3323,3318,667666,1674266,NULL,NULL),('2013-11-29',3324,3345,3323,3338,3337,874630,1689592,NULL,NULL),('2013-12-02',3350,3385,3345,3376,3367,1203782,1699290,NULL,NULL),('2013-12-03',3350,3368,3348,3355,3357,950878,1804812,NULL,NULL),('2013-12-04',3359,3374,3351,3369,3363,813394,1825756,NULL,NULL),('2013-12-05',3375,3390,3365,3368,3378,881760,1779486,NULL,NULL),('2013-12-06',3374,3374,3334,3347,3347,1018682,1717162,NULL,NULL),('2013-12-09',3353,3384,3349,3383,3369,1008214,1757076,NULL,NULL),('2013-12-10',3400,3413,3373,3378,3392,1140252,1743908,NULL,NULL),('2013-12-11',3375,3380,3362,3377,3371,744320,1734588,NULL,NULL),('2013-12-12',3378,3388,3342,3347,3361,1058922,1684478,NULL,NULL),('2013-12-13',3328,3334,3314,3330,3325,828286,1654148,NULL,NULL),('2013-12-16',3341,3364,3335,3348,3351,938428,1659396,NULL,NULL),('2013-12-17',3365,3395,3362,3386,3378,1231522,1625218,NULL,NULL),('2013-12-18',3400,3406,3382,3393,3391,989908,1617380,NULL,NULL),('2013-12-19',3371,3383,3366,3381,3375,765966,1616592,NULL,NULL),('2013-12-20',3376,3384,3358,3378,3367,743034,1614880,NULL,NULL),('2013-12-23',3385,3385,3362,3368,3373,944192,1522030,NULL,NULL),('2013-12-24',3358,3358,3318,3331,3336,1045088,1576354,NULL,NULL),('2013-12-25',3340,3370,3321,3370,3344,1115434,1534090,NULL,NULL),('2013-12-26',3383,3384,3364,3369,3372,742530,1508334,NULL,NULL),('2013-12-27',3345,3389,3342,3385,3365,976832,1510656,NULL,NULL),('2013-12-30',3385,3434,3349,3352,3387,2432200,1576972,NULL,NULL),('2013-12-31',3352,3373,3350,3368,3362,1049534,1556822,NULL,NULL),('2014-01-02',3346,3356,3325,3354,3340,921104,1578492,NULL,NULL),('2014-01-03',3322,3341,3318,3338,3330,842146,1586902,NULL,NULL),('2014-01-06',3340,3352,3332,3343,3342,707612,1571420,NULL,NULL),('2014-01-07',3352,3360,3283,3284,3312,1696288,1681034,NULL,NULL),('2014-01-08',3290,3302,3281,3299,3292,910726,1684470,NULL,NULL),('2014-01-09',3280,3358,3276,3324,3322,1014760,1567954,NULL,NULL),('2014-01-10',3319,3338,3295,3319,3316,983222,1602986,NULL,NULL),('2014-01-13',3316,3318,3285,3288,3295,926640,1680652,NULL,NULL),('2014-01-14',3313,3344,3310,3340,3326,1030220,1542066,NULL,NULL),('2014-01-15',3350,3374,3350,3372,3364,870256,1545026,NULL,NULL),('2014-01-16',3385,3390,3371,3386,3380,663450,1525274,NULL,NULL),('2014-01-17',3380,3399,3365,3372,3379,880034,1572550,NULL,NULL),('2014-01-20',3382,3392,3372,3389,3382,471366,1546700,NULL,NULL),('2014-01-21',3386,3388,3353,3365,3366,623846,1547594,NULL,NULL),('2014-01-22',3310,3320,3295,3309,3304,1025344,1536176,NULL,NULL),('2014-01-23',3313,3315,3299,3306,3306,423826,1527250,NULL,NULL),('2014-01-24',3300,3304,3286,3296,3294,622776,1542298,NULL,NULL),('2014-01-27',3312,3324,3306,3318,3316,456590,1459148,NULL,NULL),('2014-01-28',3320,3326,3305,3307,3312,388376,1429374,NULL,NULL),('2014-01-29',3302,3314,3300,3306,3306,266140,1370946,NULL,NULL),('2014-01-30',3291,3308,3281,3308,3295,325574,1361108,NULL,NULL),('2014-02-07',3381,3419,3371,3393,3390,812784,1335076,NULL,NULL),('2014-02-10',3401,3414,3400,3409,3407,477666,1367300,NULL,NULL),('2014-02-11',3391,3399,3380,3385,3386,432030,1388392,NULL,NULL),('2014-02-12',3406,3433,3405,3429,3421,878060,1463198,NULL,NULL),('2014-02-13',3407,3422,3398,3417,3410,532156,1434672,NULL,NULL),('2014-02-14',3450,3450,3430,3446,3439,689180,1393354,NULL,NULL),('2014-02-17',3432,3461,3408,3413,3432,774570,1408892,NULL,NULL),('2014-02-18',3416,3432,3406,3418,3418,545676,1382476,NULL,NULL),('2014-02-19',3445,3450,3425,3432,3434,470908,1362150,NULL,NULL),('2014-02-20',3428,3431,3418,3424,3425,388428,1368634,NULL,NULL),('2014-02-21',3425,3429,3387,3391,3402,636360,1406848,NULL,NULL),('2014-02-24',3409,3418,3388,3414,3405,724924,1340604,NULL,NULL),('2014-02-25',3422,3424,3371,3376,3388,832700,1347958,NULL,NULL),('2014-02-26',3388,3396,3345,3356,3370,936718,1355296,NULL,NULL),('2014-02-27',3358,3376,3346,3359,3361,530954,1312894,NULL,NULL),('2014-02-28',3328,3347,3327,3339,3339,399504,1289032,NULL,NULL),('2014-03-03',3361,3374,3351,3359,3360,358330,1252836,NULL,NULL),('2014-03-04',3340,3343,3322,3333,3332,394238,1242654,NULL,NULL),('2014-03-05',3340,3345,3316,3338,3331,495034,1244916,NULL,NULL),('2014-03-06',3335,3346,3326,3327,3334,353888,1261874,NULL,NULL),('2014-03-07',3331,3349,3325,3341,3340,477878,1189032,NULL,NULL),('2014-03-10',3332,3341,3278,3292,3303,735758,1113702,NULL,NULL),('2014-03-11',3245,3298,3245,3297,3276,441098,1060836,NULL,NULL),('2014-03-12',3280,3296,3257,3263,3274,374102,1085724,NULL,NULL),('2014-03-13',3248,3259,3216,3220,3232,485838,1118114,NULL,NULL),('2014-03-14',3215,3230,3183,3184,3203,480716,1121400,NULL,NULL),('2014-03-17',3181,3187,3150,3180,3169,513964,1064192,NULL,NULL),('2014-03-18',3184,3202,3166,3199,3186,367728,1031258,NULL,NULL),('2014-03-19',3220,3265,3213,3262,3242,641146,963082,NULL,NULL),('2014-03-20',3275,3327,3261,3311,3298,760264,826238,NULL,NULL),('2014-03-21',3308,3311,3273,3293,3285,375694,787018,NULL,NULL),('2014-03-24',3268,3287,3260,3272,3271,359602,783304,NULL,NULL),('2014-03-25',3287,3339,3279,3311,3313,537960,684696,NULL,NULL),('2014-03-26',3309,3333,3306,3318,3319,277008,607618,NULL,NULL),('2014-03-27',3326,3356,3315,3316,3337,335604,539964,NULL,NULL),('2014-03-28',3317,3337,3303,3336,3322,169458,496688,NULL,NULL),('2014-03-31',3333,3369,3332,3367,3354,238596,452316,NULL,NULL),('2014-04-01',3400,3471,3396,3463,3437,470794,324604,NULL,NULL),('2014-04-02',3488,3510,3465,3495,3488,244074,302820,NULL,NULL),('2014-04-03',3472,3484,3444,3466,3462,148112,269166,NULL,NULL),('2014-04-04',3471,3494,3471,3489,3481,96020,236814,NULL,NULL),('2014-04-08',3475,3482,3462,3474,3474,53818,218962,NULL,NULL),('2014-04-09',3489,3515,3488,3493,3500,72248,189076,NULL,NULL),('2014-04-10',3600,3600,3490,3526,3516,143206,176120,NULL,NULL),('2014-04-11',3518,3556,3515,3551,3531,70510,153824,NULL,NULL),('2014-04-14',3532,3539,3515,3519,3525,57494,139988,NULL,NULL),('2014-04-15',3533,3538,3512,3518,3520,34528,124146,NULL,NULL),('2014-04-16',3532,3567,3528,3558,3546,29124,114020,NULL,NULL),('2014-04-17',3565,3611,3565,3611,3594,33762,101100,NULL,NULL),('2014-04-18',3600,3652,3590,3651,3633,29982,88072,NULL,NULL);
/*!40000 ALTER TABLE `m1405_dayk` ENABLE KEYS */;
UNLOCK TABLES;

--
-- Table structure for table `m1409_dayk`
--

DROP TABLE IF EXISTS `m1409_dayk`;
/*!40101 SET @saved_cs_client     = @@character_set_client */;
/*!40101 SET character_set_client = utf8 */;
CREATE TABLE `m1409_dayk` (
  `Time` date NOT NULL,
  `Open` float NOT NULL,
  `Highest` float NOT NULL,
  `Lowest` float NOT NULL,
  `Close` float NOT NULL,
  `Avg` float NOT NULL,
  `SellVol` int(11) DEFAULT NULL,
  `BuyVol` int(11) DEFAULT NULL,
  `Tr` float DEFAULT NULL,
  `Atr` float DEFAULT NULL,
  PRIMARY KEY (`Time`)
) ENGINE=MyISAM DEFAULT CHARSET=latin1;
/*!40101 SET character_set_client = @saved_cs_client */;

--
-- Dumping data for table `m1409_dayk`
--

LOCK TABLES `m1409_dayk` WRITE;
/*!40000 ALTER TABLE `m1409_dayk` DISABLE KEYS */;
INSERT INTO `m1409_dayk` VALUES ('2013-09-16',3208,3208,3114,3115,3147,82744,66364,NULL,NULL),('2013-09-17',3110,3126,3099,3124,3115,105056,127954,NULL,NULL),('2013-09-18',3113,3130,3113,3121,3122,61054,151926,NULL,NULL),('2013-09-23',3099,3099,3081,3084,3088,84860,192592,NULL,NULL),('2013-09-24',3085,3099,3081,3093,3091,91578,233960,NULL,NULL),('2013-09-25',3096,3096,3082,3084,3087,62210,258096,NULL,NULL),('2013-09-26',3096,3096,3070,3078,3081,83366,289372,NULL,NULL),('2013-09-27',3058,3080,3058,3075,3071,62946,302374,NULL,NULL),('2013-09-30',3065,3078,3056,3077,3065,60238,310948,NULL,NULL),('2013-10-08',3101,3133,3093,3119,3119,141438,339386,NULL,NULL),('2013-10-09',3110,3155,3100,3153,3126,267546,426274,NULL,NULL),('2013-10-10',3156,3232,3145,3195,3200,730598,565052,NULL,NULL),('2013-10-11',3195,3204,3170,3176,3187,441394,624670,NULL,NULL),('2013-10-14',3168,3209,3161,3187,3193,490426,676624,NULL,NULL),('2013-10-15',3188,3198,3160,3172,3179,387382,671952,NULL,NULL),('2013-10-16',3178,3186,3152,3160,3167,441670,726946,NULL,NULL),('2013-10-17',3177,3180,3126,3134,3148,388266,719516,NULL,NULL),('2013-10-18',3150,3156,3141,3149,3148,200024,713096,NULL,NULL),('2013-10-21',3150,3168,3133,3166,3147,292488,746986,NULL,NULL),('2013-10-22',3160,3174,3155,3155,3162,262942,736080,NULL,NULL),('2013-10-23',3157,3183,3151,3178,3172,372480,773684,NULL,NULL),('2013-10-24',3188,3191,3175,3187,3182,224670,779946,NULL,NULL),('2013-10-25',3183,3186,3154,3156,3172,222912,795772,NULL,NULL),('2013-10-28',3150,3155,3127,3136,3136,249826,842784,NULL,NULL),('2013-10-29',3120,3136,3112,3134,3126,245668,882714,NULL,NULL),('2013-10-30',3135,3143,3123,3125,3132,217024,918700,NULL,NULL),('2013-10-31',3124,3132,3111,3119,3119,185130,922188,NULL,NULL),('2013-11-01',3103,3116,3102,3113,3109,229338,972874,NULL,NULL),('2013-11-04',3099,3114,3084,3107,3096,434024,1030330,NULL,NULL),('2013-11-05',3108,3112,3095,3105,3102,298314,1075004,NULL,NULL),('2013-11-06',3097,3111,3095,3109,3103,312652,1094060,NULL,NULL),('2013-11-07',3109,3115,3101,3103,3108,221768,1113688,NULL,NULL),('2013-11-08',3110,3116,3101,3108,3107,232098,1143590,NULL,NULL),('2013-11-11',3152,3160,3127,3131,3143,427920,1101816,NULL,NULL),('2013-11-12',3135,3137,3124,3133,3130,238200,1127164,NULL,NULL),('2013-11-13',3142,3151,3138,3145,3145,296106,1083342,NULL,NULL),('2013-11-14',3145,3148,3135,3137,3140,172698,1077960,NULL,NULL),('2013-11-15',3140,3148,3136,3139,3141,178416,1089860,NULL,NULL),('2013-11-18',3115,3120,3109,3118,3116,283888,1134534,NULL,NULL),('2013-11-19',3125,3130,3114,3117,3122,257080,1212904,NULL,NULL),('2013-11-20',3114,3121,3110,3119,3116,209212,1211982,NULL,NULL),('2013-11-21',3118,3125,3114,3119,3118,144860,1206520,NULL,NULL),('2013-11-22',3128,3132,3118,3128,3126,256760,1165416,NULL,NULL),('2013-11-25',3155,3157,3135,3136,3145,261160,1119324,NULL,NULL),('2013-11-26',3151,3154,3136,3137,3143,255514,1106328,NULL,NULL),('2013-11-27',3143,3175,3134,3170,3161,434320,1031908,NULL,NULL),('2013-11-28',3163,3167,3156,3162,3161,187762,1035116,NULL,NULL),('2013-11-29',3162,3178,3160,3171,3171,288044,1026888,NULL,NULL),('2013-12-02',3181,3191,3172,3188,3183,320476,1043146,NULL,NULL),('2013-12-03',3171,3190,3165,3183,3181,349608,1060936,NULL,NULL),('2013-12-04',3185,3214,3185,3208,3202,564050,1124190,NULL,NULL),('2013-12-05',3209,3218,3202,3204,3210,402222,1140860,NULL,NULL),('2013-12-06',3204,3209,3177,3189,3191,414408,1183298,NULL,NULL),('2013-12-09',3194,3208,3187,3208,3200,398664,1156812,NULL,NULL),('2013-12-10',3220,3228,3208,3213,3218,336310,1145152,NULL,NULL),('2013-12-11',3200,3214,3200,3213,3207,251034,1177568,NULL,NULL),('2013-12-12',3216,3220,3188,3191,3203,340426,1170702,NULL,NULL),('2013-12-13',3180,3183,3165,3176,3174,294946,1172528,NULL,NULL),('2013-12-16',3181,3204,3181,3192,3194,339706,1138606,NULL,NULL),('2013-12-17',3206,3227,3204,3220,3217,492534,1119656,NULL,NULL),('2013-12-18',3235,3239,3212,3218,3220,343528,1068744,NULL,NULL),('2013-12-19',3201,3218,3200,3215,3210,261908,1105166,NULL,NULL),('2013-12-20',3215,3220,3203,3215,3209,195646,1110630,NULL,NULL),('2013-12-23',3220,3225,3208,3214,3216,323646,1084642,NULL,NULL),('2013-12-24',3200,3208,3172,3183,3189,334462,1119652,NULL,NULL),('2013-12-25',3184,3222,3175,3219,3199,526344,1154946,NULL,NULL),('2013-12-26',3230,3235,3211,3216,3218,297382,1148120,NULL,NULL),('2013-12-27',3194,3241,3192,3238,3218,503244,1159696,NULL,NULL),('2013-12-30',3242,3265,3205,3206,3230,938222,1143610,NULL,NULL),('2013-12-31',3210,3221,3205,3215,3214,338746,1148042,NULL,NULL),('2014-01-02',3200,3205,3186,3204,3196,412096,1182014,NULL,NULL),('2014-01-03',3174,3186,3171,3181,3177,525398,1287388,NULL,NULL),('2014-01-06',3178,3190,3170,3172,3179,417890,1314044,NULL,NULL),('2014-01-07',3183,3184,3132,3133,3151,689038,1290340,NULL,NULL),('2014-01-08',3136,3150,3132,3144,3142,344296,1278084,NULL,NULL),('2014-01-09',3127,3182,3125,3155,3155,430142,1258344,NULL,NULL),('2014-01-10',3155,3163,3134,3145,3147,418162,1237014,NULL,NULL),('2014-01-13',3138,3141,3123,3132,3133,350838,1289196,NULL,NULL),('2014-01-14',3150,3173,3146,3172,3160,419934,1282152,NULL,NULL),('2014-01-15',3181,3198,3180,3192,3187,380488,1271598,NULL,NULL),('2014-01-16',3199,3209,3192,3203,3199,339904,1273970,NULL,NULL),('2014-01-17',3195,3218,3185,3197,3201,518002,1304382,NULL,NULL),('2014-01-20',3201,3213,3193,3210,3204,248922,1298480,NULL,NULL),('2014-01-21',3210,3212,3184,3193,3193,285384,1286452,NULL,NULL),('2014-01-22',3151,3160,3143,3154,3151,551656,1286606,NULL,NULL),('2014-01-23',3157,3161,3148,3154,3153,201076,1279504,NULL,NULL),('2014-01-24',3148,3149,3139,3145,3144,219492,1284054,NULL,NULL),('2014-01-27',3160,3164,3150,3158,3157,176632,1245236,NULL,NULL),('2014-01-28',3164,3164,3140,3142,3148,234956,1241514,NULL,NULL),('2014-01-29',3140,3153,3134,3136,3141,163692,1212580,NULL,NULL),('2014-01-30',3116,3138,3116,3136,3128,166866,1198916,NULL,NULL),('2014-02-07',3186,3234,3186,3216,3211,680848,1084376,NULL,NULL),('2014-02-10',3219,3233,3219,3232,3228,337268,1082424,NULL,NULL),('2014-02-11',3218,3221,3210,3218,3216,209890,1076396,NULL,NULL),('2014-02-12',3232,3260,3232,3254,3249,473646,1147512,NULL,NULL),('2014-02-13',3239,3259,3229,3257,3247,359466,1195166,NULL,NULL),('2014-02-14',3269,3296,3269,3293,3287,609956,1298050,NULL,NULL),('2014-02-17',3281,3315,3266,3274,3289,704390,1282122,NULL,NULL),('2014-02-18',3273,3286,3262,3267,3274,453524,1231036,NULL,NULL),('2014-02-19',3295,3302,3275,3276,3285,398426,1250220,NULL,NULL),('2014-02-20',3274,3282,3268,3276,3275,306134,1249920,NULL,NULL),('2014-02-21',3277,3285,3250,3251,3263,507448,1251870,NULL,NULL),('2014-02-24',3269,3308,3255,3301,3284,921262,1359322,NULL,NULL),('2014-02-25',3306,3320,3286,3293,3300,845756,1408806,NULL,NULL),('2014-02-26',3313,3338,3287,3300,3313,1420150,1366706,NULL,NULL),('2014-02-27',3308,3321,3289,3291,3300,701426,1393646,NULL,NULL),('2014-02-28',3265,3274,3253,3261,3264,667256,1383622,NULL,NULL),('2014-03-03',3289,3305,3278,3288,3289,675486,1381912,NULL,NULL),('2014-03-04',3265,3279,3262,3272,3270,464486,1383834,NULL,NULL),('2014-03-05',3280,3294,3265,3286,3281,660584,1389762,NULL,NULL),('2014-03-06',3281,3301,3281,3286,3289,616164,1394106,NULL,NULL),('2014-03-07',3289,3322,3286,3316,3306,1044166,1471608,NULL,NULL),('2014-03-10',3317,3321,3275,3296,3296,1370328,1482628,NULL,NULL),('2014-03-11',3256,3300,3253,3300,3276,895096,1451568,NULL,NULL),('2014-03-12',3286,3305,3272,3278,3284,770168,1432456,NULL,NULL),('2014-03-13',3266,3278,3234,3259,3254,1096062,1437082,NULL,NULL),('2014-03-14',3258,3263,3225,3230,3241,916592,1524804,NULL,NULL),('2014-03-17',3230,3235,3195,3210,3209,1024052,1545012,NULL,NULL),('2014-03-18',3220,3233,3206,3227,3220,657304,1552546,NULL,NULL),('2014-03-19',3248,3298,3245,3296,3278,1542694,1565350,NULL,NULL),('2014-03-20',3300,3359,3288,3353,3331,2020490,1596152,NULL,NULL),('2014-03-21',3350,3352,3312,3349,3328,1350682,1558694,NULL,NULL),('2014-03-24',3327,3341,3310,3332,3329,1068468,1598728,NULL,NULL),('2014-03-25',3345,3410,3342,3387,3385,1970892,1688662,NULL,NULL),('2014-03-26',3382,3399,3366,3379,3379,1034792,1648702,NULL,NULL),('2014-03-27',3399,3428,3370,3374,3404,1733348,1517280,NULL,NULL),('2014-03-28',3373,3397,3356,3393,3382,1051950,1534234,NULL,NULL),('2014-03-31',3392,3408,3380,3394,3391,808392,1517408,NULL,NULL),('2014-04-01',3437,3526,3437,3507,3493,2432374,1441650,NULL,NULL),('2014-04-02',3524,3541,3503,3527,3523,1419608,1541186,NULL,NULL),('2014-04-03',3504,3510,3472,3493,3491,1419474,1434300,NULL,NULL),('2014-04-04',3497,3523,3489,3520,3507,1105812,1484218,NULL,NULL),('2014-04-08',3490,3504,3483,3493,3491,1010412,1471992,NULL,NULL),('2014-04-09',3512,3538,3492,3503,3518,1492548,1462228,NULL,NULL),('2014-04-10',3500,3515,3486,3493,3499,1282516,1478030,NULL,NULL),('2014-04-11',3485,3488,3459,3480,3470,1318200,1509238,NULL,NULL),('2014-04-14',3478,3495,3454,3476,3476,1248606,1534542,NULL,NULL),('2014-04-15',3495,3502,3475,3477,3486,875158,1462532,NULL,NULL),('2014-04-16',3510,3533,3507,3524,3519,1355144,1490946,NULL,NULL),('2014-04-17',3536,3572,3536,3568,3558,1492104,1615694,NULL,NULL),('2014-04-18',3552,3591,3549,3585,3571,1116106,1610418,NULL,NULL);
/*!40000 ALTER TABLE `m1409_dayk` ENABLE KEYS */;
UNLOCK TABLES;

--
-- Table structure for table `p1405_dayk`
--

DROP TABLE IF EXISTS `p1405_dayk`;
/*!40101 SET @saved_cs_client     = @@character_set_client */;
/*!40101 SET character_set_client = utf8 */;
CREATE TABLE `p1405_dayk` (
  `Time` date NOT NULL,
  `Open` float NOT NULL,
  `Highest` float NOT NULL,
  `Lowest` float NOT NULL,
  `Close` float NOT NULL,
  `Avg` float NOT NULL,
  `SellVol` int(11) DEFAULT NULL,
  `BuyVol` int(11) DEFAULT NULL,
  `Tr` float DEFAULT NULL,
  `Atr` float DEFAULT NULL,
  PRIMARY KEY (`Time`)
) ENGINE=MyISAM DEFAULT CHARSET=latin1;
/*!40101 SET character_set_client = @saved_cs_client */;

--
-- Dumping data for table `p1405_dayk`
--

LOCK TABLES `p1405_dayk` WRITE;
/*!40000 ALTER TABLE `p1405_dayk` DISABLE KEYS */;
INSERT INTO `p1405_dayk` VALUES ('2013-05-16',6246,6326,6232,6298,6274,4454,3838,NULL,NULL),('2013-05-17',6318,6370,6318,6364,6354,2124,5700,NULL,NULL),('2013-05-20',6360,6390,6318,6352,6354,1722,7020,NULL,NULL),('2013-05-21',6350,6362,6302,6340,6340,686,7138,NULL,NULL),('2013-05-22',6340,6422,6338,6396,6386,3188,9652,NULL,NULL),('2013-05-23',6420,6420,6320,6328,6374,1412,10350,NULL,NULL),('2013-05-24',6332,6450,6332,6388,6424,698,10382,NULL,NULL),('2013-05-27',6424,6424,6330,6390,6376,380,10420,NULL,NULL),('2013-05-28',6390,6432,6346,6376,6382,12012,17580,NULL,NULL),('2013-05-29',6396,6460,6374,6436,6424,2796,18002,NULL,NULL),('2013-05-30',6386,6408,6336,6362,6364,436,17914,NULL,NULL),('2013-05-31',6346,6390,6318,6328,6346,272,17880,NULL,NULL),('2013-06-03',6358,6422,6358,6410,6398,1122,18180,NULL,NULL),('2013-06-04',6408,6408,6290,6298,6304,3310,20278,NULL,NULL),('2013-06-05',6312,6320,6252,6258,6270,652,20306,NULL,NULL),('2013-06-06',6270,6320,6238,6292,6284,3478,21788,NULL,NULL),('2013-06-07',6312,6468,6266,6458,6396,4436,22406,NULL,NULL),('2013-06-13',6418,6486,6390,6410,6432,6830,25168,NULL,NULL),('2013-06-14',6384,6410,6360,6388,6380,7810,28488,NULL,NULL),('2013-06-17',6390,6428,6374,6412,6406,16146,40022,NULL,NULL),('2013-06-18',6450,6482,6414,6418,6438,17124,51162,NULL,NULL),('2013-06-19',6406,6406,6362,6390,6382,2212,51656,NULL,NULL),('2013-06-20',6400,6422,6350,6368,6384,2800,51234,NULL,NULL),('2013-06-21',6258,6266,6166,6196,6224,12038,47646,NULL,NULL),('2013-06-24',6124,6220,6102,6126,6168,6572,49674,NULL,NULL),('2013-06-25',6160,6170,6092,6126,6126,4982,49526,NULL,NULL),('2013-06-26',6078,6146,6020,6068,6082,10518,52482,NULL,NULL),('2013-06-27',6050,6056,6002,6022,6022,5476,52368,NULL,NULL),('2013-06-28',6014,6074,5990,6048,6048,5754,53228,NULL,NULL),('2013-07-01',6020,6122,6020,6108,6086,6058,53626,NULL,NULL),('2013-07-02',6098,6128,6062,6088,6098,8250,58162,NULL,NULL),('2013-07-03',6080,6118,6080,6104,6102,5502,60208,NULL,NULL),('2013-07-04',6126,6168,6122,6146,6146,6774,61878,NULL,NULL),('2013-07-05',6140,6140,6088,6106,6100,5594,62068,NULL,NULL),('2013-07-08',6156,6166,6072,6084,6102,7246,62790,NULL,NULL),('2013-07-09',6080,6126,6078,6100,6096,5920,61584,NULL,NULL),('2013-07-10',6124,6148,6064,6112,6094,6488,61270,NULL,NULL),('2013-07-11',6128,6190,6110,6148,6146,12134,62292,NULL,NULL),('2013-07-12',6120,6130,6000,6036,6056,13522,63688,NULL,NULL),('2013-07-15',5962,6000,5830,5830,5880,50968,69444,NULL,NULL),('2013-07-16',5854,5866,5796,5842,5830,46250,71828,NULL,NULL),('2013-07-17',5820,5874,5810,5832,5842,40578,64254,NULL,NULL),('2013-07-18',5800,5880,5648,5852,5840,28984,66480,NULL,NULL),('2013-07-19',5860,5884,5804,5822,5854,24984,68262,NULL,NULL),('2013-07-22',5820,5848,5780,5812,5808,44434,78950,NULL,NULL),('2013-07-23',5810,5844,5792,5834,5822,37202,80526,NULL,NULL),('2013-07-24',5750,5808,5736,5782,5788,39110,74230,NULL,NULL),('2013-07-25',5722,5752,5712,5724,5734,24618,71248,NULL,NULL),('2013-07-26',5682,5696,5562,5576,5618,53682,80228,NULL,NULL),('2013-07-29',5590,5604,5560,5568,5582,27440,81592,NULL,NULL),('2013-07-30',5520,5564,5518,5558,5542,39290,82886,NULL,NULL),('2013-07-31',5560,5662,5554,5618,5622,58414,88794,NULL,NULL),('2013-08-01',5602,5632,5582,5606,5608,29264,86624,NULL,NULL),('2013-08-02',5628,5686,5598,5680,5640,50086,100774,NULL,NULL),('2013-08-05',5662,5662,5604,5610,5626,34078,106130,NULL,NULL),('2013-08-06',5636,5636,5582,5586,5606,31224,106342,NULL,NULL),('2013-08-07',5562,5568,5490,5490,5516,53148,116198,NULL,NULL),('2013-08-08',5482,5538,5482,5504,5514,38972,116576,NULL,NULL),('2013-08-09',5518,5582,5512,5532,5548,47498,115650,NULL,NULL),('2013-08-12',5534,5598,5522,5590,5560,51802,125576,NULL,NULL),('2013-08-13',5660,5776,5644,5766,5726,119696,106924,NULL,NULL),('2013-08-14',5750,5818,5710,5712,5754,92260,110800,NULL,NULL),('2013-08-15',5738,5784,5726,5752,5754,71440,113400,NULL,NULL),('2013-08-16',5812,5880,5800,5836,5846,78346,114086,NULL,NULL),('2013-08-19',5862,5900,5838,5856,5864,68094,114352,NULL,NULL),('2013-08-20',5890,5902,5750,5770,5810,81204,112016,NULL,NULL),('2013-08-21',5770,5800,5744,5770,5772,44122,111378,NULL,NULL),('2013-08-22',5700,5788,5700,5758,5760,56312,114156,NULL,NULL),('2013-08-23',5758,5782,5740,5776,5766,61246,115548,NULL,NULL),('2013-08-26',5880,5996,5880,5996,5962,28026,114066,NULL,NULL),('2013-08-27',6040,6080,5992,6024,6026,93934,120560,NULL,NULL),('2013-08-28',6002,6048,5896,5924,5994,91436,121920,NULL,NULL),('2013-08-29',5942,5968,5756,5810,5880,130232,123706,NULL,NULL),('2013-08-30',5800,5810,5730,5750,5772,100614,135152,NULL,NULL),('2013-09-02',5780,5850,5776,5850,5824,102710,141118,NULL,NULL),('2013-09-03',5866,5900,5760,5818,5818,134266,151358,NULL,NULL),('2013-09-04',5770,5810,5750,5792,5786,93340,160540,NULL,NULL),('2013-09-05',5786,5842,5772,5790,5804,128696,161384,NULL,NULL),('2013-09-06',5812,5880,5782,5880,5830,135062,159086,NULL,NULL),('2013-09-09',5880,5908,5862,5888,5884,86822,157556,NULL,NULL),('2013-09-10',5800,5810,5692,5746,5762,169548,146732,NULL,NULL),('2013-09-11',5750,5788,5734,5784,5756,107398,150500,NULL,NULL),('2013-09-12',5756,5780,5730,5732,5750,114054,151360,NULL,NULL),('2013-09-13',5796,5810,5698,5720,5744,148134,146730,NULL,NULL),('2013-09-16',5688,5694,5602,5608,5646,141116,164442,NULL,NULL),('2013-09-17',5620,5628,5568,5618,5600,167356,177822,NULL,NULL),('2013-09-18',5638,5660,5594,5606,5626,125840,178922,NULL,NULL),('2013-09-23',5558,5582,5534,5570,5558,83162,181736,NULL,NULL),('2013-09-24',5580,5638,5578,5612,5614,125180,183936,NULL,NULL),('2013-09-25',5600,5628,5576,5588,5596,135390,186870,NULL,NULL),('2013-09-26',5606,5618,5564,5590,5586,90222,188036,NULL,NULL),('2013-09-27',5586,5602,5550,5554,5570,100878,178078,NULL,NULL),('2013-09-30',5554,5586,5540,5566,5560,77374,167276,NULL,NULL),('2013-10-08',5550,5746,5550,5684,5682,167714,187560,NULL,NULL),('2013-10-09',5712,5738,5690,5708,5710,142952,223332,NULL,NULL),('2013-10-10',5720,5810,5708,5790,5750,210824,241954,NULL,NULL),('2013-10-11',5810,5858,5792,5816,5816,207968,259044,NULL,NULL),('2013-10-14',5810,5914,5804,5862,5866,232440,256786,NULL,NULL),('2013-10-15',5870,5908,5830,5888,5870,218882,266792,NULL,NULL),('2013-10-16',5888,5918,5860,5882,5888,300852,289236,NULL,NULL),('2013-10-17',5950,6038,5934,5974,5990,554138,283018,NULL,NULL),('2013-10-18',5954,6034,5940,6020,5984,429630,321910,NULL,NULL),('2013-10-21',6080,6186,6058,6154,6140,652638,327118,NULL,NULL),('2013-10-22',6150,6164,6084,6106,6122,516742,327706,NULL,NULL),('2013-10-23',6156,6204,6110,6178,6158,973574,391682,NULL,NULL),('2013-10-24',6200,6218,6108,6124,6154,991834,389428,NULL,NULL),('2013-10-25',6100,6132,6060,6084,6098,940706,422744,NULL,NULL),('2013-10-28',6066,6122,6062,6084,6090,494162,400742,NULL,NULL),('2013-10-29',6082,6136,6042,6104,6090,812172,411962,NULL,NULL),('2013-10-30',6180,6332,6166,6332,6258,1057172,491124,NULL,NULL),('2013-10-31',6308,6332,6264,6292,6300,886694,467104,NULL,NULL),('2013-11-01',6310,6374,6284,6374,6320,864288,466932,NULL,NULL),('2013-11-04',6368,6372,6284,6318,6318,701628,447544,NULL,NULL),('2013-11-05',6284,6322,6232,6290,6278,754750,452006,NULL,NULL),('2013-11-06',6264,6300,6252,6270,6276,566750,457938,NULL,NULL),('2013-11-07',6252,6306,6234,6260,6270,753576,463676,NULL,NULL),('2013-11-08',6256,6274,6192,6228,6228,669258,468992,NULL,NULL),('2013-11-11',6228,6300,6174,6184,6218,775084,434110,NULL,NULL),('2013-11-12',6194,6228,6142,6226,6182,767368,433548,NULL,NULL),('2013-11-13',6282,6326,6260,6314,6296,951168,468000,NULL,NULL),('2013-11-14',6310,6344,6282,6332,6304,624410,476902,NULL,NULL),('2013-11-15',6302,6342,6270,6280,6304,839862,474292,NULL,NULL),('2013-11-18',6250,6282,6236,6242,6256,517320,458850,NULL,NULL),('2013-11-19',6230,6264,6206,6216,6234,744268,454440,NULL,NULL),('2013-11-20',6208,6270,6192,6268,6224,605918,488236,NULL,NULL),('2013-11-21',6260,6406,6260,6370,6342,1278012,558174,NULL,NULL),('2013-11-22',6430,6488,6424,6440,6452,917988,563754,NULL,NULL),('2013-11-25',6430,6494,6400,6450,6450,832040,585900,NULL,NULL),('2013-11-26',6410,6436,6288,6294,6354,1184336,501218,NULL,NULL),('2013-11-27',6294,6330,6268,6314,6294,811020,488528,NULL,NULL),('2013-11-28',6288,6358,6284,6318,6326,787198,495704,NULL,NULL),('2013-11-29',6332,6370,6312,6366,6338,756338,498186,NULL,NULL),('2013-12-02',6360,6370,6290,6304,6320,833512,493510,NULL,NULL),('2013-12-03',6298,6308,6224,6226,6254,872490,497726,NULL,NULL),('2013-12-04',6206,6268,6202,6252,6240,547510,494046,NULL,NULL),('2013-12-05',6280,6296,6158,6160,6232,895292,526058,NULL,NULL),('2013-12-06',6182,6196,6122,6182,6164,791358,488902,NULL,NULL),('2013-12-09',6194,6274,6192,6244,6242,1019802,476478,NULL,NULL),('2013-12-10',6220,6256,6190,6242,6226,888952,466082,NULL,NULL),('2013-12-11',6220,6260,6200,6260,6230,644756,473970,NULL,NULL),('2013-12-12',6250,6278,6192,6206,6238,772540,465868,NULL,NULL),('2013-12-13',6180,6180,6038,6058,6104,964248,490806,NULL,NULL),('2013-12-16',6070,6092,6032,6036,6064,610974,486502,NULL,NULL),('2013-12-17',6070,6118,6062,6076,6088,714330,475240,NULL,NULL),('2013-12-18',6038,6088,5984,6088,6016,886816,502580,NULL,NULL),('2013-12-19',6060,6078,6010,6028,6046,572124,486408,NULL,NULL),('2013-12-20',6050,6094,6040,6046,6060,756028,466184,NULL,NULL),('2013-12-23',6060,6080,5974,6056,6034,926502,474708,NULL,NULL),('2013-12-24',6046,6056,6000,6010,6024,663666,471746,NULL,NULL),('2013-12-25',6010,6022,5916,5926,5966,755054,448926,NULL,NULL),('2013-12-26',5922,5958,5916,5942,5938,505814,461812,NULL,NULL),('2013-12-27',5930,6066,5928,6050,6000,860784,462640,NULL,NULL),('2013-12-30',6050,6116,6026,6066,6080,860460,459008,NULL,NULL),('2013-12-31',6030,6072,6016,6038,6038,523028,441864,NULL,NULL),('2014-01-02',6080,6150,6068,6148,6116,629522,447612,NULL,NULL),('2014-01-03',6110,6118,6036,6068,6078,529516,431040,NULL,NULL),('2014-01-06',6054,6062,5958,5976,6000,611684,435642,NULL,NULL),('2014-01-07',5992,5992,5902,5936,5944,530696,421006,NULL,NULL),('2014-01-08',5920,5930,5776,5786,5830,899106,438476,NULL,NULL),('2014-01-09',5800,5866,5768,5812,5812,686098,419726,NULL,NULL),('2014-01-10',5832,5884,5824,5850,5852,611098,425054,NULL,NULL),('2014-01-13',5862,5874,5788,5828,5816,623502,424624,NULL,NULL),('2014-01-14',5806,5854,5794,5848,5828,443412,416032,NULL,NULL),('2014-01-15',5830,5854,5770,5780,5806,472000,438026,NULL,NULL),('2014-01-16',5818,5866,5818,5836,5844,433222,430386,NULL,NULL),('2014-01-17',5830,5846,5798,5824,5818,332438,421018,NULL,NULL),('2014-01-20',5806,5936,5764,5922,5884,750760,433540,NULL,NULL),('2014-01-21',5910,5936,5876,5888,5902,387396,414140,NULL,NULL),('2014-01-22',5880,5920,5858,5866,5890,394544,385100,NULL,NULL),('2014-01-23',5854,5874,5816,5846,5846,531724,405696,NULL,NULL),('2014-01-24',5860,5884,5830,5842,5854,316818,386054,NULL,NULL),('2014-01-27',5840,5846,5752,5774,5784,355894,380416,NULL,NULL),('2014-01-28',5744,5750,5660,5660,5704,330686,384116,NULL,NULL),('2014-01-29',5694,5726,5662,5672,5700,245736,355280,NULL,NULL),('2014-01-30',5662,5704,5630,5672,5660,209596,343572,NULL,NULL),('2014-02-07',5780,5860,5780,5804,5814,272372,326446,NULL,NULL),('2014-02-10',5790,5892,5790,5876,5862,338430,383540,NULL,NULL),('2014-02-11',5886,5886,5828,5838,5852,285780,383022,NULL,NULL),('2014-02-12',5868,5888,5848,5886,5866,236692,400780,NULL,NULL),('2014-02-13',5906,5972,5892,5932,5932,446058,419446,NULL,NULL),('2014-02-14',5976,6020,5962,6018,5990,327622,421224,NULL,NULL),('2014-02-17',5976,6020,5950,6010,5984,318374,394246,NULL,NULL),('2014-02-18',6028,6066,5996,6000,6036,495242,387498,NULL,NULL),('2014-02-19',6120,6168,6074,6078,6120,518876,409616,NULL,NULL),('2014-02-20',6092,6102,6024,6100,6062,429242,402336,NULL,NULL),('2014-02-21',6140,6140,6052,6074,6088,372234,396594,NULL,NULL),('2014-02-24',6120,6170,6074,6164,6124,565260,406608,NULL,NULL),('2014-02-25',6120,6140,6096,6112,6114,285066,387422,NULL,NULL),('2014-02-26',6096,6130,6040,6126,6082,326510,396444,NULL,NULL),('2014-02-27',6160,6194,6136,6152,6160,303426,339874,NULL,NULL),('2014-02-28',6110,6120,6056,6102,6082,192182,323826,NULL,NULL),('2014-03-03',6190,6194,6146,6172,6168,138844,318850,NULL,NULL),('2014-03-04',6170,6192,6128,6132,6156,137732,307988,NULL,NULL),('2014-03-05',6196,6260,6176,6254,6214,207412,304940,NULL,NULL),('2014-03-06',6236,6244,6180,6242,6218,130088,289490,NULL,NULL),('2014-03-07',6296,6330,6278,6328,6300,125876,274732,NULL,NULL),('2014-03-10',6312,6314,6222,6312,6268,152432,270712,NULL,NULL),('2014-03-11',6280,6430,6230,6404,6334,215190,263994,NULL,NULL),('2014-03-12',6358,6372,6286,6332,6324,166636,249566,NULL,NULL),('2014-03-13',6300,6340,6260,6314,6302,105984,237488,NULL,NULL),('2014-03-14',6288,6294,6160,6178,6222,132388,223536,NULL,NULL),('2014-03-17',6188,6188,6110,6120,6140,93750,201752,NULL,NULL),('2014-03-18',6110,6172,6088,6108,6130,80254,183538,NULL,NULL),('2014-03-19',6126,6186,6126,6178,6158,76530,174280,NULL,NULL),('2014-03-20',6158,6158,6036,6048,6082,101086,158262,NULL,NULL),('2014-03-21',6020,6106,6016,6046,6070,67188,148114,NULL,NULL),('2014-03-24',6020,6090,6020,6062,6060,38708,143056,NULL,NULL),('2014-03-25',6040,6080,5982,6036,6022,49320,137626,NULL,NULL),('2014-03-26',6050,6130,6048,6096,6094,51224,125464,NULL,NULL),('2014-03-27',6068,6138,6042,6116,6100,47822,113460,NULL,NULL),('2014-03-28',6078,6114,6062,6078,6090,53898,101236,NULL,NULL),('2014-03-31',6066,6106,6042,6056,6068,41298,94714,NULL,NULL),('2014-04-01',6030,6084,6014,6064,6050,34092,87022,NULL,NULL),('2014-04-02',6100,6190,6100,6114,6146,44808,77960,NULL,NULL),('2014-04-03',6078,6088,6034,6038,6058,27412,76158,NULL,NULL),('2014-04-04',6096,6100,6062,6068,6074,27434,67560,NULL,NULL),('2014-04-08',6030,6062,6010,6054,6038,11374,63746,NULL,NULL),('2014-04-09',6060,6082,5992,6010,6038,25212,55252,NULL,NULL),('2014-04-10',6048,6070,5968,5968,6020,13198,52978,NULL,NULL),('2014-04-11',5970,5976,5890,5912,5912,20482,49300,NULL,NULL),('2014-04-14',5922,5954,5920,5942,5934,18888,42608,NULL,NULL),('2014-04-15',5938,5942,5878,5900,5908,15868,38444,NULL,NULL),('2014-04-16',5936,5968,5880,5962,5936,10152,37142,NULL,NULL),('2014-04-17',5986,6040,5980,6002,6008,10544,37188,NULL,NULL),('2014-04-18',5980,5980,5938,5956,5954,2180,36722,NULL,NULL);
/*!40000 ALTER TABLE `p1405_dayk` ENABLE KEYS */;
UNLOCK TABLES;

--
-- Table structure for table `p1409_dayk`
--

DROP TABLE IF EXISTS `p1409_dayk`;
/*!40101 SET @saved_cs_client     = @@character_set_client */;
/*!40101 SET character_set_client = utf8 */;
CREATE TABLE `p1409_dayk` (
  `Time` date NOT NULL,
  `Open` float NOT NULL,
  `Highest` float NOT NULL,
  `Lowest` float NOT NULL,
  `Close` float NOT NULL,
  `Avg` float NOT NULL,
  `SellVol` int(11) DEFAULT NULL,
  `BuyVol` int(11) DEFAULT NULL,
  `Tr` float DEFAULT NULL,
  `Atr` float DEFAULT NULL,
  PRIMARY KEY (`Time`)
) ENGINE=MyISAM DEFAULT CHARSET=latin1;
/*!40101 SET character_set_client = @saved_cs_client */;

--
-- Dumping data for table `p1409_dayk`
--

LOCK TABLES `p1409_dayk` WRITE;
/*!40000 ALTER TABLE `p1409_dayk` DISABLE KEYS */;
INSERT INTO `p1409_dayk` VALUES ('2013-09-16',5900,5900,5722,5722,5770,934,662,NULL,NULL),('2013-09-17',5714,5738,5684,5732,5720,628,1054,NULL,NULL),('2013-09-18',5734,5768,5722,5740,5738,312,954,NULL,NULL),('2013-09-23',5674,5694,5654,5688,5682,718,1454,NULL,NULL),('2013-09-24',5708,5754,5696,5752,5738,2156,2144,NULL,NULL),('2013-09-25',5710,5748,5710,5718,5726,1682,2362,NULL,NULL),('2013-09-26',5724,5750,5710,5736,5722,1036,2652,NULL,NULL),('2013-09-27',5720,5738,5682,5690,5704,1584,2262,NULL,NULL),('2013-09-30',5686,5708,5680,5686,5694,618,2172,NULL,NULL),('2013-10-08',5670,5872,5670,5824,5814,836,2466,NULL,NULL),('2013-10-09',5828,5860,5824,5832,5840,1932,3296,NULL,NULL),('2013-10-10',5844,5910,5836,5902,5870,2356,3590,NULL,NULL),('2013-10-11',5918,5958,5918,5938,5930,4086,4734,NULL,NULL),('2013-10-14',5908,5992,5908,5960,5958,7694,9352,NULL,NULL),('2013-10-15',5940,6000,5938,5980,5962,2208,9444,NULL,NULL),('2013-10-16',5958,6010,5958,5984,5986,2018,9828,NULL,NULL),('2013-10-17',6030,6120,6030,6066,6086,5866,11764,NULL,NULL),('2013-10-18',6050,6114,6040,6106,6078,4518,14408,NULL,NULL),('2013-10-21',6158,6240,6150,6230,6218,7998,16548,NULL,NULL),('2013-10-22',6226,6236,6162,6182,6188,4964,15596,NULL,NULL),('2013-10-23',6226,6264,6200,6236,6228,13260,18174,NULL,NULL),('2013-10-24',6280,6280,6180,6194,6218,12568,19468,NULL,NULL),('2013-10-25',6188,6196,6122,6144,6160,8254,20936,NULL,NULL),('2013-10-28',6120,6180,6118,6138,6150,10518,24942,NULL,NULL),('2013-10-29',6150,6184,6100,6156,6148,10320,28150,NULL,NULL),('2013-10-30',6210,6390,6210,6356,6306,39190,39372,NULL,NULL),('2013-10-31',6340,6350,6296,6318,6322,22572,37940,NULL,NULL),('2013-11-01',6370,6410,6330,6408,6358,23340,41330,NULL,NULL),('2013-11-04',6390,6410,6358,6386,6380,22982,41746,NULL,NULL),('2013-11-05',6350,6390,6310,6364,6350,21964,44834,NULL,NULL),('2013-11-06',6346,6372,6320,6340,6344,12942,44606,NULL,NULL),('2013-11-07',6310,6368,6304,6324,6334,30530,51838,NULL,NULL),('2013-11-08',6300,6338,6256,6292,6296,19248,55560,NULL,NULL),('2013-11-11',6300,6360,6248,6250,6284,26150,50396,NULL,NULL),('2013-11-12',6272,6292,6216,6290,6250,14572,48924,NULL,NULL),('2013-11-13',6350,6386,6328,6378,6362,23920,53254,NULL,NULL),('2013-11-14',6350,6408,6350,6400,6372,16776,53388,NULL,NULL),('2013-11-15',6372,6404,6336,6342,6370,22274,51096,NULL,NULL),('2013-11-18',6310,6346,6298,6302,6318,18606,53496,NULL,NULL),('2013-11-19',6310,6330,6270,6288,6296,30630,52360,NULL,NULL),('2013-11-20',6284,6340,6272,6338,6296,30738,54822,NULL,NULL),('2013-11-21',6338,6464,6336,6434,6408,48554,65162,NULL,NULL),('2013-11-22',6502,6540,6480,6490,6504,59588,74192,NULL,NULL),('2013-11-25',6498,6544,6460,6500,6504,58976,76218,NULL,NULL),('2013-11-26',6480,6496,6352,6360,6414,67994,66700,NULL,NULL),('2013-11-27',6360,6394,6328,6380,6358,48818,65756,NULL,NULL),('2013-11-28',6350,6414,6348,6372,6382,50140,62364,NULL,NULL),('2013-11-29',6396,6424,6370,6422,6394,48238,65136,NULL,NULL),('2013-12-02',6422,6424,6336,6350,6368,71228,64734,NULL,NULL),('2013-12-03',6336,6348,6276,6280,6300,77550,70172,NULL,NULL),('2013-12-04',6260,6328,6256,6322,6304,60264,73722,NULL,NULL),('2013-12-05',6356,6366,6228,6232,6308,71852,67732,NULL,NULL),('2013-12-06',6262,6270,6192,6254,6238,70898,74076,NULL,NULL),('2013-12-09',6290,6334,6266,6310,6306,78400,76420,NULL,NULL),('2013-12-10',6302,6322,6260,6308,6290,77936,79698,NULL,NULL),('2013-12-11',6290,6330,6264,6328,6296,52472,77334,NULL,NULL),('2013-12-12',6316,6348,6260,6278,6308,65288,77046,NULL,NULL),('2013-12-13',6250,6250,6114,6136,6182,90260,81732,NULL,NULL),('2013-12-16',6158,6166,6114,6118,6142,63050,78508,NULL,NULL),('2013-12-17',6140,6190,6136,6154,6162,52416,79192,NULL,NULL),('2013-12-18',6126,6158,6062,6158,6090,83648,77964,NULL,NULL),('2013-12-19',6128,6150,6082,6090,6112,64552,82514,NULL,NULL),('2013-12-20',6124,6168,6106,6132,6138,147092,113718,NULL,NULL),('2013-12-23',6142,6164,6060,6136,6122,133858,104720,NULL,NULL),('2013-12-24',6124,6134,6084,6100,6106,106994,97598,NULL,NULL),('2013-12-25',6104,6110,6006,6018,6056,79708,89022,NULL,NULL),('2013-12-26',6012,6046,6004,6032,6026,37336,88744,NULL,NULL),('2013-12-27',6032,6148,6012,6132,6088,91554,94634,NULL,NULL),('2013-12-30',6110,6192,6110,6146,6160,104214,104572,NULL,NULL),('2013-12-31',6116,6146,6100,6112,6114,96768,113298,NULL,NULL),('2014-01-02',6146,6206,6142,6204,6180,103098,128376,NULL,NULL),('2014-01-03',6170,6174,6104,6128,6140,96942,120472,NULL,NULL),('2014-01-06',6102,6126,6042,6060,6084,137882,105540,NULL,NULL),('2014-01-07',6050,6068,5986,6012,6026,88884,109164,NULL,NULL),('2014-01-08',6002,6012,5868,5876,5928,119420,94416,NULL,NULL),('2014-01-09',5870,5942,5842,5886,5890,104442,97520,NULL,NULL),('2014-01-10',5910,5950,5896,5918,5922,75072,102726,NULL,NULL),('2014-01-13',5934,5948,5860,5900,5890,88304,103678,NULL,NULL),('2014-01-14',5880,5926,5870,5926,5906,79016,110490,NULL,NULL),('2014-01-15',5920,5930,5846,5856,5880,68340,117958,NULL,NULL),('2014-01-16',5894,5942,5894,5920,5924,68812,124906,NULL,NULL),('2014-01-17',5944,5944,5894,5916,5910,64802,130412,NULL,NULL),('2014-01-20',5902,6052,5860,6050,5998,193946,172794,NULL,NULL),('2014-01-21',6050,6052,5986,5996,6016,107900,175564,NULL,NULL),('2014-01-22',6006,6024,5976,5976,6000,106380,177312,NULL,NULL),('2014-01-23',5966,5998,5934,5960,5962,110552,183150,NULL,NULL),('2014-01-24',5966,5994,5952,5952,5968,83148,179866,NULL,NULL),('2014-01-27',5930,5954,5872,5886,5898,80892,177464,NULL,NULL),('2014-01-28',5850,5862,5756,5756,5810,88776,178640,NULL,NULL),('2014-01-29',5828,5832,5768,5772,5804,71132,181982,NULL,NULL),('2014-01-30',5760,5790,5734,5762,5758,53226,179498,NULL,NULL),('2014-02-07',5900,5944,5890,5908,5910,85722,179600,NULL,NULL),('2014-02-10',5910,5982,5900,5968,5952,88222,194590,NULL,NULL),('2014-02-11',5972,5974,5920,5928,5942,79906,203160,NULL,NULL),('2014-02-12',5960,5976,5936,5972,5954,60496,206354,NULL,NULL),('2014-02-13',5984,6060,5982,6032,6024,163080,235842,NULL,NULL),('2014-02-14',6080,6132,6066,6130,6102,173812,262528,NULL,NULL),('2014-02-17',6092,6136,6070,6126,6102,166980,279528,NULL,NULL),('2014-02-18',6148,6184,6114,6124,6154,232374,301550,NULL,NULL),('2014-02-19',6234,6292,6204,6210,6248,228664,309512,NULL,NULL),('2014-02-20',6210,6236,6150,6230,6196,233272,323438,NULL,NULL),('2014-02-21',6262,6266,6180,6200,6214,251526,334796,NULL,NULL),('2014-02-24',6248,6270,6190,6260,6236,402970,404374,NULL,NULL),('2014-02-25',6208,6238,6188,6208,6212,298548,396218,NULL,NULL),('2014-02-26',6200,6242,6126,6240,6182,499570,448286,NULL,NULL),('2014-02-27',6300,6310,6256,6266,6284,577728,449036,NULL,NULL),('2014-02-28',6240,6240,6156,6212,6192,427112,436168,NULL,NULL),('2014-03-03',6268,6322,6260,6298,6292,505736,448264,NULL,NULL),('2014-03-04',6276,6316,6238,6244,6278,484566,443546,NULL,NULL),('2014-03-05',6322,6380,6290,6372,6330,569874,446584,NULL,NULL),('2014-03-06',6340,6358,6290,6356,6328,508352,449670,NULL,NULL),('2014-03-07',6410,6448,6390,6444,6414,454166,455246,NULL,NULL),('2014-03-10',6406,6420,6314,6418,6364,674140,470064,NULL,NULL),('2014-03-11',6344,6546,6322,6518,6448,1082688,553772,NULL,NULL),('2014-03-12',6448,6482,6382,6438,6430,797856,516832,NULL,NULL),('2014-03-13',6392,6444,6360,6410,6406,548060,505954,NULL,NULL),('2014-03-14',6368,6392,6252,6274,6318,592886,494580,NULL,NULL),('2014-03-17',6248,6268,6204,6222,6236,507034,484594,NULL,NULL),('2014-03-18',6194,6270,6186,6204,6228,587994,498854,NULL,NULL),('2014-03-19',6230,6286,6226,6276,6256,595298,489152,NULL,NULL),('2014-03-20',6248,6248,6132,6146,6184,589600,456586,NULL,NULL),('2014-03-21',6122,6204,6112,6140,6164,576008,464444,NULL,NULL),('2014-03-24',6140,6186,6120,6160,6156,382008,470646,NULL,NULL),('2014-03-25',6122,6176,6072,6126,6114,573290,459950,NULL,NULL),('2014-03-26',6138,6230,6136,6196,6196,495586,461042,NULL,NULL),('2014-03-27',6172,6256,6140,6224,6198,575408,472610,NULL,NULL),('2014-03-28',6184,6222,6162,6182,6194,486642,478282,NULL,NULL),('2014-03-31',6162,6216,6148,6170,6178,481756,470426,NULL,NULL),('2014-04-01',6180,6210,6124,6194,6168,550946,487686,NULL,NULL),('2014-04-02',6266,6370,6252,6294,6318,627970,490656,NULL,NULL),('2014-04-03',6230,6246,6178,6182,6212,450296,481324,NULL,NULL),('2014-04-04',6246,6268,6218,6260,6248,341150,473668,NULL,NULL),('2014-04-08',6200,6244,6188,6230,6222,277144,470918,NULL,NULL),('2014-04-09',6260,6280,6156,6176,6216,598674,480888,NULL,NULL),('2014-04-10',6250,6270,6144,6144,6206,531234,495906,NULL,NULL),('2014-04-11',6146,6160,6046,6080,6076,664280,495038,NULL,NULL),('2014-04-14',6088,6136,6082,6112,6112,416928,466824,NULL,NULL),('2014-04-15',6108,6130,6058,6086,6096,462390,466132,NULL,NULL),('2014-04-16',6124,6214,6114,6212,6168,541596,455240,NULL,NULL),('2014-04-17',6250,6286,6218,6238,6244,378724,439014,NULL,NULL),('2014-04-18',6192,6208,6164,6190,6186,322750,420502,NULL,NULL);
/*!40000 ALTER TABLE `p1409_dayk` ENABLE KEYS */;
UNLOCK TABLES;

--
-- Table structure for table `rb1405_dayk`
--

DROP TABLE IF EXISTS `rb1405_dayk`;
/*!40101 SET @saved_cs_client     = @@character_set_client */;
/*!40101 SET character_set_client = utf8 */;
CREATE TABLE `rb1405_dayk` (
  `Time` date NOT NULL,
  `Open` float NOT NULL,
  `Highest` float NOT NULL,
  `Lowest` float NOT NULL,
  `Close` float NOT NULL,
  `Avg` float NOT NULL,
  `SellVol` int(11) DEFAULT NULL,
  `BuyVol` int(11) DEFAULT NULL,
  `Tr` float DEFAULT NULL,
  `Atr` float DEFAULT NULL,
  PRIMARY KEY (`Time`)
) ENGINE=MyISAM DEFAULT CHARSET=latin1;
/*!40101 SET character_set_client = @saved_cs_client */;

--
-- Dumping data for table `rb1405_dayk`
--

LOCK TABLES `rb1405_dayk` WRITE;
/*!40000 ALTER TABLE `rb1405_dayk` DISABLE KEYS */;
INSERT INTO `rb1405_dayk` VALUES ('2013-05-16',3700,3793,3680,3695,3707,42,24,NULL,NULL),('2013-05-17',3705,3737,3658,3737,3692,470,194,NULL,NULL),('2013-05-20',3724,3750,3719,3738,3733,122,242,NULL,NULL),('2013-05-21',3738,3738,3701,3723,3720,112,228,NULL,NULL),('2013-05-22',3703,3729,3680,3712,3705,626,622,NULL,NULL),('2013-05-23',3687,3694,3660,3669,3672,760,702,NULL,NULL),('2013-05-24',3675,3688,3661,3685,3677,336,770,NULL,NULL),('2013-05-27',3670,3679,3631,3645,3654,890,794,NULL,NULL),('2013-05-28',3645,3649,3624,3638,3635,616,800,NULL,NULL),('2013-05-29',3626,3648,3586,3586,3611,1392,872,NULL,NULL),('2013-05-30',3573,3596,3562,3580,3577,1318,1212,NULL,NULL),('2013-05-31',3580,3593,3547,3557,3565,1338,1346,NULL,NULL),('2013-06-03',3568,3628,3568,3628,3600,1316,1288,NULL,NULL),('2013-06-04',3626,3643,3613,3641,3629,1182,1292,NULL,NULL),('2013-06-05',3671,3671,3640,3655,3651,990,1634,NULL,NULL),('2013-06-06',3641,3641,3580,3583,3602,2044,2232,NULL,NULL),('2013-06-07',3582,3589,3564,3588,3578,1000,2460,NULL,NULL),('2013-06-13',3557,3596,3557,3570,3577,666,2620,NULL,NULL),('2013-06-14',3583,3595,3550,3587,3581,1026,2952,NULL,NULL),('2013-06-17',3596,3678,3596,3643,3646,1644,3016,NULL,NULL),('2013-06-18',3654,3662,3641,3659,3653,472,3028,NULL,NULL),('2013-06-19',3660,3687,3640,3687,3670,624,3028,NULL,NULL),('2013-06-20',3673,3678,3626,3647,3653,1518,3166,NULL,NULL),('2013-06-21',3636,3696,3590,3696,3653,3172,3166,NULL,NULL),('2013-06-24',3687,3687,3627,3627,3656,1290,3176,NULL,NULL),('2013-06-25',3631,3645,3580,3616,3603,1800,3510,NULL,NULL),('2013-06-26',3624,3624,3546,3561,3570,2252,4098,NULL,NULL),('2013-06-27',3563,3621,3538,3609,3587,2810,3928,NULL,NULL),('2013-06-28',3606,3635,3595,3616,3613,1368,4092,NULL,NULL),('2013-07-01',3611,3624,3587,3619,3604,1228,4186,NULL,NULL),('2013-07-02',3625,3646,3619,3644,3634,1242,4292,NULL,NULL),('2013-07-03',3649,3698,3643,3687,3674,2548,4530,NULL,NULL),('2013-07-04',3681,3701,3680,3690,3691,1716,4596,NULL,NULL),('2013-07-05',3691,3705,3690,3693,3695,1376,4548,NULL,NULL),('2013-07-08',3691,3696,3657,3681,3674,2658,4558,NULL,NULL),('2013-07-09',3663,3695,3663,3672,3681,1336,4552,NULL,NULL),('2013-07-10',3674,3712,3659,3706,3687,2848,5220,NULL,NULL),('2013-07-11',3724,3762,3702,3716,3725,3382,5146,NULL,NULL),('2013-07-12',3703,3731,3699,3705,3713,6016,7980,NULL,NULL),('2013-07-15',3712,3740,3708,3709,3724,2762,8368,NULL,NULL),('2013-07-16',3715,3730,3701,3724,3714,2222,8924,NULL,NULL),('2013-07-17',3719,3749,3719,3737,3735,3376,9716,NULL,NULL),('2013-07-18',3727,3735,3717,3733,3726,1868,9590,NULL,NULL),('2013-07-19',3732,3758,3732,3746,3747,1992,9854,NULL,NULL),('2013-07-22',3747,3749,3717,3723,3725,5202,12032,NULL,NULL),('2013-07-23',3727,3740,3725,3734,3735,1922,12324,NULL,NULL),('2013-07-24',3738,3755,3724,3748,3742,3152,12284,NULL,NULL),('2013-07-25',3740,3751,3734,3736,3742,1286,12382,NULL,NULL),('2013-07-26',3739,3742,3712,3721,3724,2106,12272,NULL,NULL),('2013-07-29',3700,3709,3680,3683,3691,3988,12912,NULL,NULL),('2013-07-30',3682,3695,3678,3680,3689,3312,14618,NULL,NULL),('2013-07-31',3662,3709,3662,3689,3691,7772,15188,NULL,NULL),('2013-08-01',3700,3710,3687,3699,3700,4012,14690,NULL,NULL),('2013-08-02',3710,3724,3703,3721,3714,7806,17296,NULL,NULL),('2013-08-05',3717,3734,3717,3729,3728,2652,17718,NULL,NULL),('2013-08-06',3728,3738,3718,3733,3729,3020,17748,NULL,NULL),('2013-08-07',3727,3764,3727,3759,3746,6882,20770,NULL,NULL),('2013-08-08',3762,3795,3762,3793,3783,7240,19558,NULL,NULL),('2013-08-09',3799,3802,3765,3802,3787,10762,22092,NULL,NULL),('2013-08-12',3838,3858,3806,3858,3826,5670,22950,NULL,NULL),('2013-08-13',3859,3885,3850,3883,3869,25946,30052,NULL,NULL),('2013-08-14',3883,3895,3854,3864,3876,8994,31836,NULL,NULL),('2013-08-15',3869,3877,3860,3865,3869,6460,33582,NULL,NULL),('2013-08-16',3861,3882,3850,3861,3860,9910,35090,NULL,NULL),('2013-08-19',3856,3890,3837,3861,3864,18984,42710,NULL,NULL),('2013-08-20',3864,3880,3854,3858,3869,20658,52694,NULL,NULL),('2013-08-21',3860,3872,3853,3854,3864,8334,53856,NULL,NULL),('2013-08-22',3850,3868,3835,3840,3848,13162,52448,NULL,NULL),('2013-08-23',3836,3893,3836,3887,3877,20364,54606,NULL,NULL),('2013-08-26',3896,3923,3876,3882,3896,23370,55756,NULL,NULL),('2013-08-27',3882,3898,3849,3889,3873,19328,55818,NULL,NULL),('2013-08-28',3894,3904,3836,3837,3875,24966,56790,NULL,NULL),('2013-08-29',3836,3860,3803,3819,3831,29316,60200,NULL,NULL),('2013-08-30',3818,3843,3808,3824,3825,15450,61332,NULL,NULL),('2013-09-02',3846,3880,3840,3880,3863,23922,64604,NULL,NULL),('2013-09-03',3890,3890,3841,3844,3855,22866,65656,NULL,NULL),('2013-09-04',3845,3857,3834,3840,3844,17600,69274,NULL,NULL),('2013-09-05',3824,3850,3824,3826,3835,22382,69710,NULL,NULL),('2013-09-06',3818,3829,3797,3805,3811,31702,77344,NULL,NULL),('2013-09-09',3813,3843,3813,3832,3832,28000,83654,NULL,NULL),('2013-09-10',3830,3838,3805,3818,3817,19472,84650,NULL,NULL),('2013-09-11',3819,3837,3810,3821,3821,25304,84540,NULL,NULL),('2013-09-12',3815,3825,3800,3801,3808,18540,88672,NULL,NULL),('2013-09-13',3795,3798,3738,3739,3762,78138,102364,NULL,NULL),('2013-09-16',3741,3752,3707,3721,3729,36336,104210,NULL,NULL),('2013-09-17',3733,3739,3711,3724,3722,30474,104742,NULL,NULL),('2013-09-18',3719,3735,3703,3721,3718,43572,99484,NULL,NULL),('2013-09-23',3710,3752,3704,3750,3735,54418,106778,NULL,NULL),('2013-09-24',3745,3757,3712,3712,3733,52490,107862,NULL,NULL),('2013-09-25',3712,3725,3705,3714,3712,29932,106308,NULL,NULL),('2013-09-26',3705,3716,3690,3699,3703,34312,105670,NULL,NULL),('2013-09-27',3695,3698,3669,3672,3680,39496,105012,NULL,NULL),('2013-09-30',3676,3697,3676,3691,3689,29140,100726,NULL,NULL),('2013-10-08',3685,3694,3637,3694,3656,71806,123704,NULL,NULL),('2013-10-09',3694,3718,3669,3670,3693,205618,232574,NULL,NULL),('2013-10-10',3666,3695,3664,3686,3683,97930,247660,NULL,NULL),('2013-10-11',3693,3709,3660,3681,3686,160100,305650,NULL,NULL),('2013-10-14',3685,3725,3677,3723,3704,228990,360554,NULL,NULL),('2013-10-15',3718,3744,3695,3711,3722,403052,423612,NULL,NULL),('2013-10-16',3714,3719,3680,3690,3700,372164,501174,NULL,NULL),('2013-10-17',3700,3708,3668,3669,3690,460630,588084,NULL,NULL),('2013-10-18',3671,3675,3639,3643,3652,879848,755226,NULL,NULL),('2013-10-21',3628,3656,3623,3644,3640,819270,802692,NULL,NULL),('2013-10-22',3638,3659,3635,3642,3646,617844,859838,NULL,NULL),('2013-10-23',3645,3661,3624,3634,3643,911702,864280,NULL,NULL),('2013-10-24',3619,3628,3601,3617,3614,954872,891736,NULL,NULL),('2013-10-25',3615,3624,3582,3585,3604,796812,926726,NULL,NULL),('2013-10-28',3587,3595,3575,3586,3585,589820,949062,NULL,NULL),('2013-10-29',3588,3608,3576,3608,3593,1083038,1017406,NULL,NULL),('2013-10-30',3610,3645,3607,3645,3623,1190512,1151774,NULL,NULL),('2013-10-31',3640,3651,3623,3636,3637,1152622,1199354,NULL,NULL),('2013-11-01',3638,3681,3632,3671,3665,1771784,1326042,NULL,NULL),('2013-11-04',3675,3685,3661,3677,3673,1256126,1439576,NULL,NULL),('2013-11-05',3682,3692,3654,3669,3670,1371586,1517904,NULL,NULL),('2013-11-06',3670,3677,3636,3642,3655,1492144,1526576,NULL,NULL),('2013-11-07',3643,3688,3643,3679,3668,1910172,1501678,NULL,NULL),('2013-11-08',3680,3686,3658,3661,3671,1341632,1513220,NULL,NULL),('2013-11-11',3650,3677,3633,3668,3656,1523286,1466372,NULL,NULL),('2013-11-12',3668,3681,3657,3670,3669,1267998,1483652,NULL,NULL),('2013-11-13',3660,3678,3647,3647,3663,1582304,1519674,NULL,NULL),('2013-11-14',3641,3650,3614,3620,3629,1902964,1519356,NULL,NULL),('2013-11-15',3624,3636,3590,3591,3614,1936398,1601814,NULL,NULL),('2013-11-18',3596,3608,3583,3592,3595,1339696,1572632,NULL,NULL),('2013-11-19',3585,3625,3585,3624,3604,1689192,1538180,NULL,NULL),('2013-11-20',3630,3651,3623,3646,3637,1905328,1632208,NULL,NULL),('2013-11-21',3644,3646,3607,3612,3623,1674888,1624172,NULL,NULL),('2013-11-22',3616,3635,3610,3614,3621,1222570,1571758,NULL,NULL),('2013-11-25',3624,3642,3614,3636,3628,1475922,1571414,NULL,NULL),('2013-11-26',3640,3677,3636,3660,3657,2424668,1609358,NULL,NULL),('2013-11-27',3658,3664,3645,3650,3654,1382060,1632286,NULL,NULL),('2013-11-28',3648,3682,3646,3670,3667,1725370,1544494,NULL,NULL),('2013-11-29',3674,3680,3662,3670,3670,935964,1523448,NULL,NULL),('2013-12-02',3671,3698,3670,3695,3686,1520018,1543206,NULL,NULL),('2013-12-03',3690,3709,3687,3709,3697,1341546,1557234,NULL,NULL),('2013-12-04',3710,3727,3708,3713,3718,1475374,1591704,NULL,NULL),('2013-12-05',3716,3718,3692,3693,3704,1243242,1591636,NULL,NULL),('2013-12-06',3692,3704,3683,3702,3690,1151966,1592986,NULL,NULL),('2013-12-09',3703,3726,3703,3722,3717,1356200,1663624,NULL,NULL),('2013-12-10',3726,3737,3708,3716,3719,1122538,1661188,NULL,NULL),('2013-12-11',3718,3738,3691,3735,3716,1933408,1672764,NULL,NULL),('2013-12-12',3741,3745,3725,3729,3734,1238166,1724520,NULL,NULL),('2013-12-13',3728,3729,3661,3676,3689,2446196,1528546,NULL,NULL),('2013-12-16',3680,3694,3668,3671,3679,1300370,1482104,NULL,NULL),('2013-12-17',3675,3689,3662,3663,3676,1377856,1527492,NULL,NULL),('2013-12-18',3663,3663,3644,3656,3653,1292080,1450908,NULL,NULL),('2013-12-19',3661,3672,3642,3652,3657,1024508,1461744,NULL,NULL),('2013-12-20',3651,3665,3626,3627,3650,1285518,1402016,NULL,NULL),('2013-12-23',3616,3624,3603,3612,3615,1107832,1408834,NULL,NULL),('2013-12-24',3609,3632,3608,3628,3623,984078,1425882,NULL,NULL),('2013-12-25',3632,3640,3592,3603,3611,1342694,1464490,NULL,NULL),('2013-12-26',3601,3610,3583,3604,3598,1270188,1456790,NULL,NULL),('2013-12-27',3603,3621,3596,3612,3609,1316292,1458702,NULL,NULL),('2013-12-30',3612,3628,3567,3573,3602,1487060,1535764,NULL,NULL),('2013-12-31',3574,3592,3562,3570,3575,1260888,1419640,NULL,NULL),('2014-01-02',3562,3592,3562,3590,3582,1019050,1346124,NULL,NULL),('2014-01-03',3587,3588,3528,3540,3550,1260658,1355794,NULL,NULL),('2014-01-06',3531,3540,3512,3515,3526,1107724,1345560,NULL,NULL),('2014-01-07',3517,3520,3462,3465,3480,1517508,1335660,NULL,NULL),('2014-01-08',3453,3481,3449,3469,3463,1222914,1277020,NULL,NULL),('2014-01-09',3466,3488,3451,3456,3472,1310698,1277436,NULL,NULL),('2014-01-10',3452,3497,3441,3492,3471,1624786,1294374,NULL,NULL),('2014-01-13',3484,3494,3449,3462,3469,1229540,1291692,NULL,NULL),('2014-01-14',3462,3496,3456,3492,3481,1233518,1304722,NULL,NULL),('2014-01-15',3488,3507,3481,3498,3493,1169568,1318804,NULL,NULL),('2014-01-16',3501,3509,3472,3481,3490,1286670,1356022,NULL,NULL),('2014-01-17',3478,3478,3452,3470,3463,974250,1351834,NULL,NULL),('2014-01-20',3465,3478,3446,3451,3461,1432548,1333860,NULL,NULL),('2014-01-21',3441,3447,3408,3410,3421,1480214,1410924,NULL,NULL),('2014-01-22',3404,3439,3403,3424,3420,1420846,1343642,NULL,NULL),('2014-01-23',3426,3465,3420,3463,3438,1452702,1367838,NULL,NULL),('2014-01-24',3453,3488,3444,3487,3467,1437284,1293852,NULL,NULL),('2014-01-27',3474,3479,3458,3472,3467,876126,1260676,NULL,NULL),('2014-01-28',3463,3465,3430,3431,3445,964522,1214442,NULL,NULL),('2014-01-29',3430,3452,3420,3443,3439,817008,1149854,NULL,NULL),('2014-01-30',3438,3465,3433,3455,3447,517506,1103700,NULL,NULL),('2014-02-07',3448,3450,3401,3411,3418,926746,1160364,NULL,NULL),('2014-02-10',3404,3428,3380,3421,3405,1560496,1252390,NULL,NULL),('2014-02-11',3412,3427,3385,3386,3407,1192182,1336366,NULL,NULL),('2014-02-12',3383,3406,3382,3393,3392,1140402,1382352,NULL,NULL),('2014-02-13',3399,3415,3383,3395,3398,1091764,1373938,NULL,NULL),('2014-02-14',3400,3417,3395,3412,3408,967856,1300408,NULL,NULL),('2014-02-17',3415,3459,3414,3455,3438,1488420,1323922,NULL,NULL),('2014-02-18',3453,3463,3422,3428,3439,1016036,1279298,NULL,NULL),('2014-02-19',3433,3449,3429,3436,3436,925548,1320644,NULL,NULL),('2014-02-20',3431,3432,3391,3394,3404,1089914,1346680,NULL,NULL),('2014-02-21',3396,3403,3386,3389,3393,798520,1349160,NULL,NULL),('2014-02-24',3384,3387,3308,3326,3336,1518470,1313994,NULL,NULL),('2014-02-25',3325,3342,3295,3308,3320,948250,1227780,NULL,NULL),('2014-02-26',3301,3328,3299,3317,3314,836764,1214770,NULL,NULL),('2014-02-27',3320,3348,3310,3340,3329,935740,1142100,NULL,NULL),('2014-02-28',3339,3344,3298,3318,3321,1029944,1114038,NULL,NULL),('2014-03-03',3320,3331,3296,3324,3313,755248,1100490,NULL,NULL),('2014-03-04',3328,3328,3288,3310,3306,611756,1086978,NULL,NULL),('2014-03-05',3318,3329,3296,3317,3312,669230,986558,NULL,NULL),('2014-03-06',3310,3313,3286,3289,3303,392608,965938,NULL,NULL),('2014-03-07',3286,3292,3216,3228,3254,706006,885500,NULL,NULL),('2014-03-10',3180,3182,3123,3123,3146,374490,750420,NULL,NULL),('2014-03-11',3050,3147,3050,3118,3103,672948,594324,NULL,NULL),('2014-03-12',3069,3144,3039,3137,3108,468876,525324,NULL,NULL),('2014-03-13',3150,3166,3123,3166,3144,293028,485594,NULL,NULL),('2014-03-14',3156,3157,3102,3140,3128,213468,458848,NULL,NULL),('2014-03-17',3148,3161,3118,3123,3137,201182,432674,NULL,NULL),('2014-03-18',3122,3175,3120,3147,3153,252778,398708,NULL,NULL),('2014-03-19',3145,3180,3134,3180,3160,238228,356686,NULL,NULL),('2014-03-20',3206,3238,3185,3186,3202,246186,301598,NULL,NULL),('2014-03-21',3190,3210,3165,3197,3187,164822,276428,NULL,NULL),('2014-03-24',3197,3201,3180,3200,3188,147514,256202,NULL,NULL),('2014-03-25',3200,3315,3196,3262,3232,161788,215064,NULL,NULL),('2014-03-26',3262,3262,3222,3230,3233,89358,209544,NULL,NULL),('2014-03-27',3227,3247,3212,3228,3228,71750,200362,NULL,NULL),('2014-03-28',3235,3249,3227,3244,3239,61102,186202,NULL,NULL),('2014-03-31',3250,3281,3245,3263,3262,69432,171942,NULL,NULL),('2014-04-01',3259,3269,3246,3258,3258,45114,158852,NULL,NULL),('2014-04-02',3268,3276,3245,3248,3255,40484,152952,NULL,NULL),('2014-04-03',3248,3273,3241,3261,3261,39922,139426,NULL,NULL),('2014-04-04',3270,3288,3261,3286,3272,38802,125562,NULL,NULL),('2014-04-08',3292,3325,3289,3313,3309,44620,112152,NULL,NULL),('2014-04-09',3318,3330,3294,3297,3315,29372,104134,NULL,NULL),('2014-04-10',3298,3321,3298,3307,3310,28394,97574,NULL,NULL),('2014-04-11',3301,3310,3289,3291,3299,19568,93128,NULL,NULL),('2014-04-14',3294,3317,3291,3297,3306,21164,85008,NULL,NULL),('2014-04-15',3301,3310,3288,3309,3299,10484,80748,NULL,NULL),('2014-04-16',3302,3302,3273,3276,3288,13270,74936,NULL,NULL),('2014-04-17',3279,3289,3271,3274,3279,9336,70620,NULL,NULL),('2014-04-18',3271,3271,3216,3223,3233,33516,65824,NULL,NULL);
/*!40000 ALTER TABLE `rb1405_dayk` ENABLE KEYS */;
UNLOCK TABLES;

--
-- Table structure for table `rb1410_dayk`
--

DROP TABLE IF EXISTS `rb1410_dayk`;
/*!40101 SET @saved_cs_client     = @@character_set_client */;
/*!40101 SET character_set_client = utf8 */;
CREATE TABLE `rb1410_dayk` (
  `Time` date NOT NULL,
  `Open` float NOT NULL,
  `Highest` float NOT NULL,
  `Lowest` float NOT NULL,
  `Close` float NOT NULL,
  `Avg` float NOT NULL,
  `SellVol` int(11) DEFAULT NULL,
  `BuyVol` int(11) DEFAULT NULL,
  `Tr` float DEFAULT NULL,
  `Atr` float DEFAULT NULL,
  PRIMARY KEY (`Time`)
) ENGINE=MyISAM DEFAULT CHARSET=latin1;
/*!40101 SET character_set_client = @saved_cs_client */;

--
-- Dumping data for table `rb1410_dayk`
--

LOCK TABLES `rb1410_dayk` WRITE;
/*!40000 ALTER TABLE `rb1410_dayk` DISABLE KEYS */;
INSERT INTO `rb1410_dayk` VALUES ('2013-10-16',3808,3808,3764,3765,3778,274,174,NULL,NULL),('2013-10-17',3780,3790,3754,3754,3773,224,268,NULL,NULL),('2013-10-18',3748,3759,3672,3682,3684,20328,12950,NULL,NULL),('2013-10-21',3671,3687,3660,3678,3669,13032,19322,NULL,NULL),('2013-10-22',3679,3695,3660,3673,3679,5492,20964,NULL,NULL),('2013-10-23',3685,3694,3667,3673,3683,5664,22722,NULL,NULL),('2013-10-24',3660,3667,3647,3659,3655,3432,22750,NULL,NULL),('2013-10-25',3660,3669,3648,3650,3658,6474,23450,NULL,NULL),('2013-10-28',3650,3655,3625,3643,3639,4178,22554,NULL,NULL),('2013-10-29',3639,3659,3631,3659,3643,3218,23358,NULL,NULL),('2013-10-30',3659,3698,3658,3696,3677,5840,24552,NULL,NULL),('2013-10-31',3695,3702,3685,3694,3695,4826,26504,NULL,NULL),('2013-11-01',3691,3732,3691,3730,3715,10644,30204,NULL,NULL),('2013-11-04',3730,3735,3720,3733,3729,6338,31626,NULL,NULL),('2013-11-05',3739,3747,3718,3727,3730,5464,33220,NULL,NULL),('2013-11-06',3726,3733,3688,3693,3703,18494,39686,NULL,NULL),('2013-11-07',3693,3727,3693,3719,3718,33542,63300,NULL,NULL),('2013-11-08',3719,3726,3700,3701,3711,30806,88070,NULL,NULL),('2013-11-11',3702,3715,3679,3700,3702,30356,108750,NULL,NULL),('2013-11-12',3701,3714,3694,3699,3704,20256,121912,NULL,NULL),('2013-11-13',3695,3706,3674,3674,3692,28258,138336,NULL,NULL),('2013-11-14',3680,3681,3636,3644,3652,40578,160268,NULL,NULL),('2013-11-15',3647,3665,3619,3624,3645,40518,172526,NULL,NULL),('2013-11-18',3625,3653,3621,3629,3638,35256,182934,NULL,NULL),('2013-11-19',3626,3664,3621,3661,3652,39708,204124,NULL,NULL),('2013-11-20',3663,3688,3663,3682,3677,30670,217178,NULL,NULL),('2013-11-21',3682,3682,3648,3653,3663,17586,219060,NULL,NULL),('2013-11-22',3660,3675,3655,3657,3662,12564,218782,NULL,NULL),('2013-11-25',3669,3681,3657,3671,3669,17812,224722,NULL,NULL),('2013-11-26',3670,3719,3670,3704,3700,73876,252694,NULL,NULL),('2013-11-27',3702,3708,3692,3698,3700,19108,257288,NULL,NULL),('2013-11-28',3687,3722,3687,3710,3711,32872,274796,NULL,NULL),('2013-11-29',3710,3718,3703,3708,3709,22698,283284,NULL,NULL),('2013-12-02',3710,3736,3710,3733,3723,51062,305870,NULL,NULL),('2013-12-03',3735,3749,3728,3748,3737,35216,319042,NULL,NULL),('2013-12-04',3748,3762,3745,3748,3755,88924,377170,NULL,NULL),('2013-12-05',3750,3752,3730,3731,3742,49640,393596,NULL,NULL),('2013-12-06',3730,3731,3711,3719,3720,119938,476074,NULL,NULL),('2013-12-09',3722,3748,3721,3746,3739,61250,490884,NULL,NULL),('2013-12-10',3750,3757,3735,3744,3743,31590,498104,NULL,NULL),('2013-12-11',3746,3774,3726,3772,3752,128356,524836,NULL,NULL),('2013-12-12',3773,3778,3749,3749,3763,112422,575844,NULL,NULL),('2013-12-13',3749,3752,3701,3711,3719,144816,569916,NULL,NULL),('2013-12-16',3715,3729,3707,3711,3716,53132,568408,NULL,NULL),('2013-12-17',3718,3728,3709,3710,3718,60222,574948,NULL,NULL),('2013-12-18',3708,3710,3693,3702,3701,72100,565548,NULL,NULL),('2013-12-19',3703,3715,3691,3694,3702,85698,572240,NULL,NULL),('2013-12-20',3695,3708,3677,3679,3696,74940,569982,NULL,NULL),('2013-12-23',3671,3673,3652,3659,3663,99592,563224,NULL,NULL),('2013-12-24',3658,3685,3657,3680,3675,47368,568366,NULL,NULL),('2013-12-25',3689,3690,3654,3663,3669,62370,561372,NULL,NULL),('2013-12-26',3660,3674,3646,3667,3661,80440,561640,NULL,NULL),('2013-12-27',3669,3685,3659,3673,3673,81592,576340,NULL,NULL),('2013-12-30',3673,3687,3645,3645,3665,104370,587072,NULL,NULL),('2013-12-31',3645,3670,3638,3645,3650,111684,579452,NULL,NULL),('2014-01-02',3646,3672,3645,3672,3663,87316,579042,NULL,NULL),('2014-01-03',3667,3669,3626,3636,3642,138992,569320,NULL,NULL),('2014-01-06',3629,3634,3612,3612,3624,136696,563744,NULL,NULL),('2014-01-07',3615,3618,3565,3570,3586,183668,541700,NULL,NULL),('2014-01-08',3563,3577,3545,3567,3558,130566,541756,NULL,NULL),('2014-01-09',3563,3585,3553,3554,3569,111508,552006,NULL,NULL),('2014-01-10',3552,3586,3543,3579,3563,166714,569660,NULL,NULL),('2014-01-13',3570,3581,3546,3550,3560,98610,580296,NULL,NULL),('2014-01-14',3550,3582,3549,3581,3568,90996,581678,NULL,NULL),('2014-01-15',3579,3592,3569,3583,3579,71010,588342,NULL,NULL),('2014-01-16',3583,3593,3569,3575,3580,93222,589666,NULL,NULL),('2014-01-17',3571,3571,3545,3555,3554,107060,583068,NULL,NULL),('2014-01-20',3552,3568,3534,3535,3547,116146,585676,NULL,NULL),('2014-01-21',3526,3527,3486,3490,3499,194154,628452,NULL,NULL),('2014-01-22',3490,3519,3485,3508,3502,128986,624776,NULL,NULL),('2014-01-23',3504,3548,3499,3547,3520,150170,620536,NULL,NULL),('2014-01-24',3537,3570,3530,3570,3552,129968,621804,NULL,NULL),('2014-01-27',3561,3567,3547,3564,3556,97178,621732,NULL,NULL),('2014-01-28',3558,3558,3523,3527,3539,137614,612114,NULL,NULL),('2014-01-29',3526,3540,3512,3528,3528,99312,601984,NULL,NULL),('2014-01-30',3519,3544,3518,3537,3526,84402,600556,NULL,NULL),('2014-02-07',3520,3529,3492,3500,3507,120100,624158,NULL,NULL),('2014-02-10',3470,3519,3470,3515,3494,209776,676962,NULL,NULL),('2014-02-11',3504,3514,3480,3480,3497,185024,700274,NULL,NULL),('2014-02-12',3483,3493,3474,3484,3482,154854,724294,NULL,NULL),('2014-02-13',3487,3504,3476,3492,3490,225788,737908,NULL,NULL),('2014-02-14',3500,3518,3492,3516,3508,261182,770026,NULL,NULL),('2014-02-17',3520,3556,3517,3554,3534,483054,884638,NULL,NULL),('2014-02-18',3555,3565,3525,3532,3540,326338,914116,NULL,NULL),('2014-02-19',3537,3548,3530,3533,3537,285780,956714,NULL,NULL),('2014-02-20',3530,3535,3490,3490,3506,369854,974752,NULL,NULL),('2014-02-21',3495,3501,3481,3482,3489,295946,1035684,NULL,NULL),('2014-02-24',3482,3483,3427,3430,3443,630260,1023730,NULL,NULL),('2014-02-25',3433,3446,3400,3413,3424,480358,1045762,NULL,NULL),('2014-02-26',3409,3430,3406,3417,3418,464348,1046452,NULL,NULL),('2014-02-27',3423,3450,3413,3440,3431,505380,1054746,NULL,NULL),('2014-02-28',3439,3447,3398,3412,3422,648882,1084830,NULL,NULL),('2014-03-03',3413,3433,3396,3426,3414,1055706,1118298,NULL,NULL),('2014-03-04',3425,3430,3389,3409,3407,1316748,1205134,NULL,NULL),('2014-03-05',3415,3438,3393,3423,3415,2003504,1276708,NULL,NULL),('2014-03-06',3415,3419,3387,3388,3404,1639254,1402296,NULL,NULL),('2014-03-07',3385,3394,3322,3335,3356,2593584,1615348,NULL,NULL),('2014-03-10',3290,3290,3221,3221,3245,1547872,1642986,NULL,NULL),('2014-03-11',3180,3260,3171,3236,3219,2838730,1519850,NULL,NULL),('2014-03-12',3186,3260,3141,3254,3223,3159628,1650522,NULL,NULL),('2014-03-13',3259,3285,3245,3284,3265,2265162,1652640,NULL,NULL),('2014-03-14',3270,3276,3220,3262,3248,2095746,1678554,NULL,NULL),('2014-03-17',3270,3281,3227,3229,3245,2095964,1749124,NULL,NULL),('2014-03-18',3228,3275,3225,3240,3249,2215350,1735142,NULL,NULL),('2014-03-19',3241,3260,3226,3242,3240,2278624,1782028,NULL,NULL),('2014-03-20',3266,3278,3230,3230,3254,2621828,1771492,NULL,NULL),('2014-03-21',3231,3252,3211,3220,3229,2690310,1817176,NULL,NULL),('2014-03-24',3215,3224,3190,3213,3206,2403414,1927104,NULL,NULL),('2014-03-25',3214,3312,3210,3287,3264,4139074,1934416,NULL,NULL),('2014-03-26',3284,3286,3262,3275,3271,1924026,1914626,NULL,NULL),('2014-03-27',3265,3295,3253,3269,3272,2310856,1884442,NULL,NULL),('2014-03-28',3271,3310,3269,3307,3289,2425214,1844754,NULL,NULL),('2014-03-31',3311,3346,3310,3328,3326,2564106,1885346,NULL,NULL),('2014-04-01',3328,3336,3316,3331,3326,1668948,1895238,NULL,NULL),('2014-04-02',3345,3352,3316,3317,3328,2100082,1979114,NULL,NULL),('2014-04-03',3314,3343,3311,3336,3328,2085484,1931950,NULL,NULL),('2014-04-04',3339,3377,3334,3372,3352,2226006,1930628,NULL,NULL),('2014-04-08',3388,3425,3383,3414,3405,2354892,1912244,NULL,NULL),('2014-04-09',3416,3419,3380,3384,3402,1868136,1953718,NULL,NULL),('2014-04-10',3390,3405,3367,3368,3385,2138006,2012070,NULL,NULL),('2014-04-11',3373,3376,3353,3360,3366,1780520,2039264,NULL,NULL),('2014-04-14',3356,3394,3348,3360,3369,2492596,1969124,NULL,NULL),('2014-04-15',3357,3369,3336,3369,3353,2006394,1974872,NULL,NULL),('2014-04-16',3359,3360,3323,3329,3337,2099342,2052922,NULL,NULL),('2014-04-17',3336,3341,3324,3324,3331,1542468,2063784,NULL,NULL),('2014-04-18',3323,3323,3236,3245,3270,3201112,2064662,NULL,NULL);
/*!40000 ALTER TABLE `rb1410_dayk` ENABLE KEYS */;
UNLOCK TABLES;

--
-- Table structure for table `templateDayk`
--

DROP TABLE IF EXISTS `templateDayk`;
/*!40101 SET @saved_cs_client     = @@character_set_client */;
/*!40101 SET character_set_client = utf8 */;
CREATE TABLE `templateDayk` (
  `Time` date NOT NULL,
  `Open` float NOT NULL,
  `Highest` float NOT NULL,
  `Lowest` float NOT NULL,
  `Close` float NOT NULL,
  `Avg` float NOT NULL,
  `SellVol` int(11) DEFAULT NULL,
  `BuyVol` int(11) DEFAULT NULL,
  `Tr` float DEFAULT NULL,
  `Atr` float DEFAULT NULL,
  PRIMARY KEY (`Time`)
) ENGINE=MyISAM DEFAULT CHARSET=latin1;
/*!40101 SET character_set_client = @saved_cs_client */;

--
-- Dumping data for table `templateDayk`
--

LOCK TABLES `templateDayk` WRITE;
/*!40000 ALTER TABLE `templateDayk` DISABLE KEYS */;
/*!40000 ALTER TABLE `templateDayk` ENABLE KEYS */;
UNLOCK TABLES;
/*!40103 SET TIME_ZONE=@OLD_TIME_ZONE */;

/*!40101 SET SQL_MODE=@OLD_SQL_MODE */;
/*!40014 SET FOREIGN_KEY_CHECKS=@OLD_FOREIGN_KEY_CHECKS */;
/*!40014 SET UNIQUE_CHECKS=@OLD_UNIQUE_CHECKS */;
/*!40101 SET CHARACTER_SET_CLIENT=@OLD_CHARACTER_SET_CLIENT */;
/*!40101 SET CHARACTER_SET_RESULTS=@OLD_CHARACTER_SET_RESULTS */;
/*!40101 SET COLLATION_CONNECTION=@OLD_COLLATION_CONNECTION */;
/*!40111 SET SQL_NOTES=@OLD_SQL_NOTES */;

-- Dump completed on 2014-04-18 20:47:44
